﻿{"data":[{"PrimaryGroupSID":"S-1-5-21-671920749-559770252-3318990721-515","AllowedToDelegate":[],"AllowedToAct":[],"HasSIDHistory":[],"Sessions":{"Results":[],"Collected":false,"FailureReason":null},"PrivilegedSessions":{"Results":[],"Collected":false,"FailureReason":null},"RegistrySessions":{"Results":[],"Collected":false,"FailureReason":null},"LocalAdmins":{"Results":[],"Collected":false,"FailureReason":null},"RemoteDesktopUsers":{"Results":[],"Collected":false,"FailureReason":null},"DcomUsers":{"Results":[],"Collected":false,"FailureReason":null},"PSRemoteUsers":{"Results":[],"Collected":false,"FailureReason":null},"Status":null,"Aces":[{"PrincipalSID":"S-1-5-21-671920749-559770252-3318990721-512","PrincipalType":"Group","RightName":"Owns","IsInherited":false},{"PrincipalSID":"TIMELAPSE.HTB-S-1-5-32-548","PrincipalType":"Group","RightName":"GenericAll","IsInherited":false},{"PrincipalSID":"S-1-5-21-671920749-559770252-3318990721-512","PrincipalType":"Group","RightName":"GenericAll","IsInherited":false},{"PrincipalSID":"S-1-5-21-671920749-559770252-3318990721-526","PrincipalType":"Group","RightName":"AddKeyCredentialLink","IsInherited":true},{"PrincipalSID":"S-1-5-21-671920749-559770252-3318990721-527","PrincipalType":"Group","RightName":"AddKeyCredentialLink","IsInherited":true},{"PrincipalSID":"S-1-5-21-671920749-559770252-3318990721-519","PrincipalType":"Group","RightName":"GenericAll","IsInherited":true},{"PrincipalSID":"TIMELAPSE.HTB-S-1-5-32-544","PrincipalType":"Group","RightName":"WriteDacl","IsInherited":true},{"PrincipalSID":"TIMELAPSE.HTB-S-1-5-32-544","PrincipalType":"Group","RightName":"WriteOwner","IsInherited":true},{"PrincipalSID":"TIMELAPSE.HTB-S-1-5-32-544","PrincipalType":"Group","RightName":"GenericWrite","IsInherited":true}],"ObjectIdentifier":"S-1-5-21-671920749-559770252-3318990721-1606","IsDeleted":false,"IsACLProtected":false,"Properties":{"domain":"TIMELAPSE.HTB","name":"DB01.TIMELAPSE.HTB","distinguishedname":"CN=DB01,OU=DATABASE,OU=SERVERS,DC=TIMELAPSE,DC=HTB","domainsid":"S-1-5-21-671920749-559770252-3318990721","highvalue":false,"haslaps":false,"description":null,"whencreated":1634991491,"enabled":true,"unconstraineddelegation":false,"trustedtoauth":false,"lastlogon":0,"lastlogontimestamp":-1,"pwdlastset":1635016691,"serviceprincipalnames":[],"operatingsystem":null,"sidhistory":[]}},{"PrimaryGroupSID":"S-1-5-21-671920749-559770252-3318990721-515","AllowedToDelegate":[],"AllowedToAct":[],"HasSIDHistory":[],"Sessions":{"Results":[],"Collected":false,"FailureReason":null},"PrivilegedSessions":{"Results":[],"Collected":false,"FailureReason":null},"RegistrySessions":{"Results":[],"Collected":false,"FailureReason":null},"LocalAdmins":{"Results":[],"Collected":false,"FailureReason":null},"RemoteDesktopUsers":{"Results":[],"Collected":false,"FailureReason":null},"DcomUsers":{"Results":[],"Collected":false,"FailureReason":null},"PSRemoteUsers":{"Results":[],"Collected":false,"FailureReason":null},"Status":null,"Aces":[{"PrincipalSID":"S-1-5-21-671920749-559770252-3318990721-512","PrincipalType":"Group","RightName":"Owns","IsInherited":false},{"PrincipalSID":"TIMELAPSE.HTB-S-1-5-32-548","PrincipalType":"Group","RightName":"GenericAll","IsInherited":false},{"PrincipalSID":"S-1-5-21-671920749-559770252-3318990721-512","PrincipalType":"Group","RightName":"GenericAll","IsInherited":false},{"PrincipalSID":"S-1-5-21-671920749-559770252-3318990721-526","PrincipalType":"Group","RightName":"AddKeyCredentialLink","IsInherited":true},{"PrincipalSID":"S-1-5-21-671920749-559770252-3318990721-527","PrincipalType":"Group","RightName":"AddKeyCredentialLink","IsInherited":true},{"PrincipalSID":"S-1-5-21-671920749-559770252-3318990721-519","PrincipalType":"Group","RightName":"GenericAll","IsInherited":true},{"PrincipalSID":"TIMELAPSE.HTB-S-1-5-32-544","PrincipalType":"Group","RightName":"WriteDacl","IsInherited":true},{"PrincipalSID":"TIMELAPSE.HTB-S-1-5-32-544","PrincipalType":"Group","RightName":"WriteOwner","IsInherited":true},{"PrincipalSID":"TIMELAPSE.HTB-S-1-5-32-544","PrincipalType":"Group","RightName":"GenericWrite","IsInherited":true}],"ObjectIdentifier":"S-1-5-21-671920749-559770252-3318990721-1607","IsDeleted":false,"IsACLProtected":false,"Properties":{"domain":"TIMELAPSE.HTB","name":"WEB01.TIMELAPSE.HTB","distinguishedname":"CN=WEB01,OU=WEB,OU=SERVERS,DC=TIMELAPSE,DC=HTB","domainsid":"S-1-5-21-671920749-559770252-3318990721","highvalue":false,"haslaps":false,"description":null,"whencreated":1634991497,"enabled":true,"unconstraineddelegation":false,"trustedtoauth":false,"lastlogon":0,"lastlogontimestamp":-1,"pwdlastset":1635016697,"serviceprincipalnames":[],"operatingsystem":null,"sidhistory":[]}},{"PrimaryGroupSID":"S-1-5-21-671920749-559770252-3318990721-515","AllowedToDelegate":[],"AllowedToAct":[],"HasSIDHistory":[],"Sessions":{"Results":[],"Collected":false,"FailureReason":null},"PrivilegedSessions":{"Results":[],"Collected":false,"FailureReason":null},"RegistrySessions":{"Results":[],"Collected":false,"FailureReason":null},"LocalAdmins":{"Results":[],"Collected":false,"FailureReason":null},"RemoteDesktopUsers":{"Results":[],"Collected":false,"FailureReason":null},"DcomUsers":{"Results":[],"Collected":false,"FailureReason":null},"PSRemoteUsers":{"Results":[],"Collected":false,"FailureReason":null},"Status":null,"Aces":[{"PrincipalSID":"S-1-5-21-671920749-559770252-3318990721-512","PrincipalType":"Group","RightName":"Owns","IsInherited":false},{"PrincipalSID":"TIMELAPSE.HTB-S-1-5-32-548","PrincipalType":"Group","RightName":"GenericAll","IsInherited":false},{"PrincipalSID":"S-1-5-21-671920749-559770252-3318990721-512","PrincipalType":"Group","RightName":"GenericAll","IsInherited":false},{"PrincipalSID":"S-1-5-21-671920749-559770252-3318990721-526","PrincipalType":"Group","RightName":"AddKeyCredentialLink","IsInherited":true},{"PrincipalSID":"S-1-5-21-671920749-559770252-3318990721-527","PrincipalType":"Group","RightName":"AddKeyCredentialLink","IsInherited":true},{"PrincipalSID":"S-1-5-21-671920749-559770252-3318990721-519","PrincipalType":"Group","RightName":"GenericAll","IsInherited":true},{"PrincipalSID":"TIMELAPSE.HTB-S-1-5-32-544","PrincipalType":"Group","RightName":"WriteDacl","IsInherited":true},{"PrincipalSID":"TIMELAPSE.HTB-S-1-5-32-544","PrincipalType":"Group","RightName":"WriteOwner","IsInherited":true},{"PrincipalSID":"TIMELAPSE.HTB-S-1-5-32-544","PrincipalType":"Group","RightName":"GenericWrite","IsInherited":true}],"ObjectIdentifier":"S-1-5-21-671920749-559770252-3318990721-1608","IsDeleted":false,"IsACLProtected":false,"Properties":{"domain":"TIMELAPSE.HTB","name":"DEV01.TIMELAPSE.HTB","distinguishedname":"CN=DEV01,OU=DEV,OU=SERVERS,DC=TIMELAPSE,DC=HTB","domainsid":"S-1-5-21-671920749-559770252-3318990721","highvalue":false,"haslaps":false,"description":null,"whencreated":1634991503,"enabled":true,"unconstraineddelegation":false,"trustedtoauth":false,"lastlogon":0,"lastlogontimestamp":-1,"pwdlastset":1635016703,"serviceprincipalnames":[],"operatingsystem":null,"sidhistory":[]}},{"PrimaryGroupSID":"S-1-5-21-671920749-559770252-3318990721-516","AllowedToDelegate":[],"AllowedToAct":[],"HasSIDHistory":[],"Sessions":{"Results":[],"Collected":false,"FailureReason":"ERROR_ACCESS_DENIED"},"PrivilegedSessions":{"Results":[],"Collected":false,"FailureReason":null},"RegistrySessions":{"Results":[],"Collected":false,"FailureReason":null},"LocalAdmins":{"Results":[{"ObjectIdentifier":"S-1-5-21-671920749-559770252-3318990721-500","ObjectType":"User"},{"ObjectIdentifier":"S-1-5-21-671920749-559770252-3318990721-519","ObjectType":"Group"},{"ObjectIdentifier":"S-1-5-21-671920749-559770252-3318990721-512","ObjectType":"Group"}],"Collected":true,"FailureReason":null},"RemoteDesktopUsers":{"Results":[],"Collected":true,"FailureReason":null},"DcomUsers":{"Results":[],"Collected":true,"FailureReason":null},"PSRemoteUsers":{"Results":[{"ObjectIdentifier":"S-1-5-21-671920749-559770252-3318990721-1603","ObjectType":"User"},{"ObjectIdentifier":"S-1-5-21-671920749-559770252-3318990721-3103","ObjectType":"User"}],"Collected":true,"FailureReason":null},"Status":null,"Aces":[{"PrincipalSID":"S-1-5-21-671920749-559770252-3318990721-512","PrincipalType":"Group","RightName":"Owns","IsInherited":false},{"PrincipalSID":"S-1-5-21-671920749-559770252-3318990721-512","PrincipalType":"Group","RightName":"GenericAll","IsInherited":false},{"PrincipalSID":"S-1-5-21-671920749-559770252-3318990721-2601","PrincipalType":"Group","RightName":"ReadLAPSPassword","IsInherited":true},{"PrincipalSID":"S-1-5-21-671920749-559770252-3318990721-526","PrincipalType":"Group","RightName":"AddKeyCredentialLink","IsInherited":true},{"PrincipalSID":"S-1-5-21-671920749-559770252-3318990721-527","PrincipalType":"Group","RightName":"AddKeyCredentialLink","IsInherited":true},{"PrincipalSID":"S-1-5-21-671920749-559770252-3318990721-519","PrincipalType":"Group","RightName":"GenericAll","IsInherited":true},{"PrincipalSID":"TIMELAPSE.HTB-S-1-5-32-544","PrincipalType":"Group","RightName":"WriteDacl","IsInherited":true},{"PrincipalSID":"TIMELAPSE.HTB-S-1-5-32-544","PrincipalType":"Group","RightName":"WriteOwner","IsInherited":true},{"PrincipalSID":"TIMELAPSE.HTB-S-1-5-32-544","PrincipalType":"Group","RightName":"AllExtendedRights","IsInherited":true},{"PrincipalSID":"TIMELAPSE.HTB-S-1-5-32-544","PrincipalType":"Group","RightName":"GenericWrite","IsInherited":true}],"ObjectIdentifier":"S-1-5-21-671920749-559770252-3318990721-1000","IsDeleted":false,"IsACLProtected":false,"Properties":{"domain":"TIMELAPSE.HTB","name":"DC01.TIMELAPSE.HTB","distinguishedname":"CN=DC01,OU=DOMAIN CONTROLLERS,DC=TIMELAPSE,DC=HTB","domainsid":"S-1-5-21-671920749-559770252-3318990721","highvalue":false,"haslaps":true,"description":null,"whencreated":1634989255,"enabled":true,"unconstraineddelegation":true,"trustedtoauth":false,"lastlogon":1661076724,"lastlogontimestamp":1661076680,"pwdlastset":1661076656,"serviceprincipalnames":["ldap/dc01.timelapse.htb/ForestDnsZones.timelapse.htb","ldap/dc01.timelapse.htb/DomainDnsZones.timelapse.htb","Dfsr-12F9A27C-BF97-4787-9364-D31B6C55EB04/dc01.timelapse.htb","Hyper-V Replica Service/DC01","Hyper-V Replica Service/dc01.timelapse.htb","Microsoft Virtual System Migration Service/DC01","Microsoft Virtual System Migration Service/dc01.timelapse.htb","Microsoft Virtual Console Service/DC01","Microsoft Virtual Console Service/dc01.timelapse.htb","DNS/dc01.timelapse.htb","GC/dc01.timelapse.htb/timelapse.htb","RestrictedKrbHost/dc01.timelapse.htb","RestrictedKrbHost/DC01","RPC/b158e573-a337-49cd-94bd-5fd07226faa1._msdcs.timelapse.htb","HOST/DC01/TIMELAPSE","HOST/dc01.timelapse.htb/TIMELAPSE","HOST/DC01","HOST/dc01.timelapse.htb","HOST/dc01.timelapse.htb/timelapse.htb","E3514235-4B06-11D1-AB04-00C04FC2DCD2/b158e573-a337-49cd-94bd-5fd07226faa1/timelapse.htb","ldap/DC01/TIMELAPSE","ldap/b158e573-a337-49cd-94bd-5fd07226faa1._msdcs.timelapse.htb","ldap/dc01.timelapse.htb/TIMELAPSE","ldap/DC01","ldap/dc01.timelapse.htb","ldap/dc01.timelapse.htb/timelapse.htb"],"operatingsystem":"Windows Server 2019 Standard","sidhistory":[]}}],"meta":{"methods":29675,"type":"computers","count":4,"version":4}}