﻿{"data":[{"Links":[],"ChildObjects":[{"ObjectIdentifier":"54E73CC9-F31E-439C-B48F-760F7681FCB2","ObjectType":"OU"},{"ObjectIdentifier":"4F14E6D2-D4AD-4A47-A3EC-558F488A89D5","ObjectType":"OU"},{"ObjectIdentifier":"BA7890CB-2072-4954-B396-BBDE5A13A676","ObjectType":"OU"}],"Aces":[{"PrincipalSID":"S-1-5-21-671920749-559770252-3318990721-512","PrincipalType":"Group","RightName":"Owns","IsInherited":false},{"PrincipalSID":"S-1-5-21-671920749-559770252-3318990721-512","PrincipalType":"Group","RightName":"GenericAll","IsInherited":false},{"PrincipalSID":"S-1-5-21-671920749-559770252-3318990721-519","PrincipalType":"Group","RightName":"GenericAll","IsInherited":true},{"PrincipalSID":"TIMELAPSE.HTB-S-1-5-32-544","PrincipalType":"Group","RightName":"WriteDacl","IsInherited":true},{"PrincipalSID":"TIMELAPSE.HTB-S-1-5-32-544","PrincipalType":"Group","RightName":"WriteOwner","IsInherited":true}],"ObjectIdentifier":"BFC28568-C05B-4FB9-AE28-E6579C2DCEF0","IsDeleted":false,"IsACLProtected":false,"GPOChanges":{"LocalAdmins":[],"RemoteDesktopUsers":[],"DcomUsers":[],"PSRemoteUsers":[],"AffectedComputers":[]},"Properties":{"domain":"TIMELAPSE.HTB","name":"SERVERS@TIMELAPSE.HTB","distinguishedname":"OU=SERVERS,DC=TIMELAPSE,DC=HTB","domainsid":"S-1-5-21-671920749-559770252-3318990721","highvalue":false,"description":null,"whencreated":1634991327,"blocksinheritance":false}},{"Links":[],"ChildObjects":[{"ObjectIdentifier":"S-1-5-21-671920749-559770252-3318990721-1603","ObjectType":"User"}],"Aces":[{"PrincipalSID":"S-1-5-21-671920749-559770252-3318990721-512","PrincipalType":"Group","RightName":"Owns","IsInherited":false},{"PrincipalSID":"S-1-5-21-671920749-559770252-3318990721-512","PrincipalType":"Group","RightName":"GenericAll","IsInherited":false},{"PrincipalSID":"S-1-5-21-671920749-559770252-3318990721-519","PrincipalType":"Group","RightName":"GenericAll","IsInherited":true},{"PrincipalSID":"TIMELAPSE.HTB-S-1-5-32-544","PrincipalType":"Group","RightName":"WriteDacl","IsInherited":true},{"PrincipalSID":"TIMELAPSE.HTB-S-1-5-32-544","PrincipalType":"Group","RightName":"WriteOwner","IsInherited":true}],"ObjectIdentifier":"7EC2E567-E177-465D-8A2F-E0D3D613C2ED","IsDeleted":false,"IsACLProtected":false,"GPOChanges":{"LocalAdmins":[],"RemoteDesktopUsers":[],"DcomUsers":[],"PSRemoteUsers":[],"AffectedComputers":[]},"Properties":{"domain":"TIMELAPSE.HTB","name":"DEV@TIMELAPSE.HTB","distinguishedname":"OU=DEV,OU=STAFF,DC=TIMELAPSE,DC=HTB","domainsid":"S-1-5-21-671920749-559770252-3318990721","highvalue":false,"description":null,"whencreated":1634991360,"blocksinheritance":false}},{"Links":[],"ChildObjects":[{"ObjectIdentifier":"S-1-5-21-671920749-559770252-3318990721-1608","ObjectType":"Computer"}],"Aces":[{"PrincipalSID":"S-1-5-21-671920749-559770252-3318990721-512","PrincipalType":"Group","RightName":"Owns","IsInherited":false},{"PrincipalSID":"S-1-5-21-671920749-559770252-3318990721-512","PrincipalType":"Group","RightName":"GenericAll","IsInherited":false},{"PrincipalSID":"S-1-5-21-671920749-559770252-3318990721-519","PrincipalType":"Group","RightName":"GenericAll","IsInherited":true},{"PrincipalSID":"TIMELAPSE.HTB-S-1-5-32-544","PrincipalType":"Group","RightName":"WriteDacl","IsInherited":true},{"PrincipalSID":"TIMELAPSE.HTB-S-1-5-32-544","PrincipalType":"Group","RightName":"WriteOwner","IsInherited":true}],"ObjectIdentifier":"4F14E6D2-D4AD-4A47-A3EC-558F488A89D5","IsDeleted":false,"IsACLProtected":false,"GPOChanges":{"LocalAdmins":[],"RemoteDesktopUsers":[],"DcomUsers":[],"PSRemoteUsers":[],"AffectedComputers":[]},"Properties":{"domain":"TIMELAPSE.HTB","name":"DEV@TIMELAPSE.HTB","distinguishedname":"OU=DEV,OU=SERVERS,DC=TIMELAPSE,DC=HTB","domainsid":"S-1-5-21-671920749-559770252-3318990721","highvalue":false,"description":null,"whencreated":1634991345,"blocksinheritance":false}},{"Links":[],"ChildObjects":[{"ObjectIdentifier":"S-1-5-21-671920749-559770252-3318990721-1606","ObjectType":"Computer"}],"Aces":[{"PrincipalSID":"S-1-5-21-671920749-559770252-3318990721-512","PrincipalType":"Group","RightName":"Owns","IsInherited":false},{"PrincipalSID":"S-1-5-21-671920749-559770252-3318990721-512","PrincipalType":"Group","RightName":"GenericAll","IsInherited":false},{"PrincipalSID":"S-1-5-21-671920749-559770252-3318990721-519","PrincipalType":"Group","RightName":"GenericAll","IsInherited":true},{"PrincipalSID":"TIMELAPSE.HTB-S-1-5-32-544","PrincipalType":"Group","RightName":"WriteDacl","IsInherited":true},{"PrincipalSID":"TIMELAPSE.HTB-S-1-5-32-544","PrincipalType":"Group","RightName":"WriteOwner","IsInherited":true}],"ObjectIdentifier":"54E73CC9-F31E-439C-B48F-760F7681FCB2","IsDeleted":false,"IsACLProtected":false,"GPOChanges":{"LocalAdmins":[],"RemoteDesktopUsers":[],"DcomUsers":[],"PSRemoteUsers":[],"AffectedComputers":[]},"Properties":{"domain":"TIMELAPSE.HTB","name":"DATABASE@TIMELAPSE.HTB","distinguishedname":"OU=DATABASE,OU=SERVERS,DC=TIMELAPSE,DC=HTB","domainsid":"S-1-5-21-671920749-559770252-3318990721","highvalue":false,"description":null,"whencreated":1634991336,"blocksinheritance":false}},{"Links":[],"ChildObjects":[{"ObjectIdentifier":"S-1-5-21-671920749-559770252-3318990721-1605","ObjectType":"User"},{"ObjectIdentifier":"S-1-5-21-671920749-559770252-3318990721-1604","ObjectType":"User"}],"Aces":[{"PrincipalSID":"S-1-5-21-671920749-559770252-3318990721-512","PrincipalType":"Group","RightName":"Owns","IsInherited":false},{"PrincipalSID":"S-1-5-21-671920749-559770252-3318990721-512","PrincipalType":"Group","RightName":"GenericAll","IsInherited":false},{"PrincipalSID":"S-1-5-21-671920749-559770252-3318990721-519","PrincipalType":"Group","RightName":"GenericAll","IsInherited":true},{"PrincipalSID":"TIMELAPSE.HTB-S-1-5-32-544","PrincipalType":"Group","RightName":"WriteDacl","IsInherited":true},{"PrincipalSID":"TIMELAPSE.HTB-S-1-5-32-544","PrincipalType":"Group","RightName":"WriteOwner","IsInherited":true}],"ObjectIdentifier":"5EAA0465-ACCE-4B60-89AD-FCCDB8776F5A","IsDeleted":false,"IsACLProtected":false,"GPOChanges":{"LocalAdmins":[],"RemoteDesktopUsers":[],"DcomUsers":[],"PSRemoteUsers":[],"AffectedComputers":[]},"Properties":{"domain":"TIMELAPSE.HTB","name":"HELPDESK@TIMELAPSE.HTB","distinguishedname":"OU=HELPDESK,OU=STAFF,DC=TIMELAPSE,DC=HTB","domainsid":"S-1-5-21-671920749-559770252-3318990721","highvalue":false,"description":null,"whencreated":1634991366,"blocksinheritance":false}},{"Links":[],"ChildObjects":[{"ObjectIdentifier":"S-1-5-21-671920749-559770252-3318990721-1602","ObjectType":"User"},{"ObjectIdentifier":"S-1-5-21-671920749-559770252-3318990721-1601","ObjectType":"User"},{"ObjectIdentifier":"S-1-5-21-671920749-559770252-3318990721-5101","ObjectType":"User"}],"Aces":[{"PrincipalSID":"S-1-5-21-671920749-559770252-3318990721-512","PrincipalType":"Group","RightName":"Owns","IsInherited":false},{"PrincipalSID":"S-1-5-21-671920749-559770252-3318990721-512","PrincipalType":"Group","RightName":"GenericAll","IsInherited":false},{"PrincipalSID":"S-1-5-21-671920749-559770252-3318990721-519","PrincipalType":"Group","RightName":"GenericAll","IsInherited":true},{"PrincipalSID":"TIMELAPSE.HTB-S-1-5-32-544","PrincipalType":"Group","RightName":"WriteDacl","IsInherited":true},{"PrincipalSID":"TIMELAPSE.HTB-S-1-5-32-544","PrincipalType":"Group","RightName":"WriteOwner","IsInherited":true}],"ObjectIdentifier":"8FD9C710-C3DC-4990-8A37-0644A2D287A4","IsDeleted":false,"IsACLProtected":false,"GPOChanges":{"LocalAdmins":[],"RemoteDesktopUsers":[],"DcomUsers":[],"PSRemoteUsers":[],"AffectedComputers":[]},"Properties":{"domain":"TIMELAPSE.HTB","name":"ADMINS@TIMELAPSE.HTB","distinguishedname":"OU=ADMINS,OU=STAFF,DC=TIMELAPSE,DC=HTB","domainsid":"S-1-5-21-671920749-559770252-3318990721","highvalue":false,"description":null,"whencreated":1634991355,"blocksinheritance":false}},{"Links":[],"ChildObjects":[{"ObjectIdentifier":"8FD9C710-C3DC-4990-8A37-0644A2D287A4","ObjectType":"OU"},{"ObjectIdentifier":"7EC2E567-E177-465D-8A2F-E0D3D613C2ED","ObjectType":"OU"},{"ObjectIdentifier":"BD73DB10-032E-4BC8-A079-9DB9D23952B2","ObjectType":"OU"},{"ObjectIdentifier":"5EAA0465-ACCE-4B60-89AD-FCCDB8776F5A","ObjectType":"OU"}],"Aces":[{"PrincipalSID":"S-1-5-21-671920749-559770252-3318990721-512","PrincipalType":"Group","RightName":"Owns","IsInherited":false},{"PrincipalSID":"S-1-5-21-671920749-559770252-3318990721-512","PrincipalType":"Group","RightName":"GenericAll","IsInherited":false},{"PrincipalSID":"S-1-5-21-671920749-559770252-3318990721-519","PrincipalType":"Group","RightName":"GenericAll","IsInherited":true},{"PrincipalSID":"TIMELAPSE.HTB-S-1-5-32-544","PrincipalType":"Group","RightName":"WriteDacl","IsInherited":true},{"PrincipalSID":"TIMELAPSE.HTB-S-1-5-32-544","PrincipalType":"Group","RightName":"WriteOwner","IsInherited":true}],"ObjectIdentifier":"72D0711E-0B2E-40B2-AC1F-2968C43B5853","IsDeleted":false,"IsACLProtected":false,"GPOChanges":{"LocalAdmins":[],"RemoteDesktopUsers":[],"DcomUsers":[],"PSRemoteUsers":[],"AffectedComputers":[]},"Properties":{"domain":"TIMELAPSE.HTB","name":"STAFF@TIMELAPSE.HTB","distinguishedname":"OU=STAFF,DC=TIMELAPSE,DC=HTB","domainsid":"S-1-5-21-671920749-559770252-3318990721","highvalue":false,"description":null,"whencreated":1634991349,"blocksinheritance":false}},{"Links":[],"ChildObjects":[{"ObjectIdentifier":"S-1-5-21-671920749-559770252-3318990721-1607","ObjectType":"Computer"}],"Aces":[{"PrincipalSID":"S-1-5-21-671920749-559770252-3318990721-512","PrincipalType":"Group","RightName":"Owns","IsInherited":false},{"PrincipalSID":"S-1-5-21-671920749-559770252-3318990721-512","PrincipalType":"Group","RightName":"GenericAll","IsInherited":false},{"PrincipalSID":"S-1-5-21-671920749-559770252-3318990721-519","PrincipalType":"Group","RightName":"GenericAll","IsInherited":true},{"PrincipalSID":"TIMELAPSE.HTB-S-1-5-32-544","PrincipalType":"Group","RightName":"WriteDacl","IsInherited":true},{"PrincipalSID":"TIMELAPSE.HTB-S-1-5-32-544","PrincipalType":"Group","RightName":"WriteOwner","IsInherited":true}],"ObjectIdentifier":"BA7890CB-2072-4954-B396-BBDE5A13A676","IsDeleted":false,"IsACLProtected":false,"GPOChanges":{"LocalAdmins":[],"RemoteDesktopUsers":[],"DcomUsers":[],"PSRemoteUsers":[],"AffectedComputers":[]},"Properties":{"domain":"TIMELAPSE.HTB","name":"WEB@TIMELAPSE.HTB","distinguishedname":"OU=WEB,OU=SERVERS,DC=TIMELAPSE,DC=HTB","domainsid":"S-1-5-21-671920749-559770252-3318990721","highvalue":false,"description":null,"whencreated":1634991340,"blocksinheritance":false}},{"Links":[{"IsEnforced":false,"GUID":"2069C1F8-A5A7-4F8E-B10D-7404AFB83403"}],"ChildObjects":[{"ObjectIdentifier":"S-1-5-21-671920749-559770252-3318990721-1000","ObjectType":"Computer"}],"Aces":[{"PrincipalSID":"S-1-5-21-671920749-559770252-3318990721-512","PrincipalType":"Group","RightName":"Owns","IsInherited":false},{"PrincipalSID":"S-1-5-21-671920749-559770252-3318990721-512","PrincipalType":"Group","RightName":"WriteDacl","IsInherited":false},{"PrincipalSID":"S-1-5-21-671920749-559770252-3318990721-512","PrincipalType":"Group","RightName":"WriteOwner","IsInherited":false},{"PrincipalSID":"S-1-5-21-671920749-559770252-3318990721-519","PrincipalType":"Group","RightName":"GenericAll","IsInherited":true},{"PrincipalSID":"TIMELAPSE.HTB-S-1-5-32-544","PrincipalType":"Group","RightName":"WriteDacl","IsInherited":true},{"PrincipalSID":"TIMELAPSE.HTB-S-1-5-32-544","PrincipalType":"Group","RightName":"WriteOwner","IsInherited":true}],"ObjectIdentifier":"325DFF82-BCE0-4D1D-894C-626711704C5C","IsDeleted":false,"IsACLProtected":false,"GPOChanges":{"LocalAdmins":[],"RemoteDesktopUsers":[],"DcomUsers":[],"PSRemoteUsers":[],"AffectedComputers":[]},"Properties":{"domain":"TIMELAPSE.HTB","name":"DOMAIN CONTROLLERS@TIMELAPSE.HTB","distinguishedname":"OU=DOMAIN CONTROLLERS,DC=TIMELAPSE,DC=HTB","domainsid":"S-1-5-21-671920749-559770252-3318990721","highvalue":false,"description":"Default container for domain controllers","whencreated":1634989207,"blocksinheritance":false}},{"Links":[],"ChildObjects":[{"ObjectIdentifier":"S-1-5-21-671920749-559770252-3318990721-3101","ObjectType":"Group"},{"ObjectIdentifier":"S-1-5-21-671920749-559770252-3318990721-3102","ObjectType":"Group"},{"ObjectIdentifier":"S-1-5-21-671920749-559770252-3318990721-2601","ObjectType":"Group"}],"Aces":[{"PrincipalSID":"S-1-5-21-671920749-559770252-3318990721-512","PrincipalType":"Group","RightName":"Owns","IsInherited":false},{"PrincipalSID":"S-1-5-21-671920749-559770252-3318990721-512","PrincipalType":"Group","RightName":"GenericAll","IsInherited":false},{"PrincipalSID":"S-1-5-21-671920749-559770252-3318990721-519","PrincipalType":"Group","RightName":"GenericAll","IsInherited":true},{"PrincipalSID":"TIMELAPSE.HTB-S-1-5-32-544","PrincipalType":"Group","RightName":"WriteDacl","IsInherited":true},{"PrincipalSID":"TIMELAPSE.HTB-S-1-5-32-544","PrincipalType":"Group","RightName":"WriteOwner","IsInherited":true}],"ObjectIdentifier":"BD73DB10-032E-4BC8-A079-9DB9D23952B2","IsDeleted":false,"IsACLProtected":false,"GPOChanges":{"LocalAdmins":[],"RemoteDesktopUsers":[],"DcomUsers":[],"PSRemoteUsers":[],"AffectedComputers":[]},"Properties":{"domain":"TIMELAPSE.HTB","name":"GROUPS@TIMELAPSE.HTB","distinguishedname":"OU=GROUPS,OU=STAFF,DC=TIMELAPSE,DC=HTB","domainsid":"S-1-5-21-671920749-559770252-3318990721","highvalue":false,"description":null,"whencreated":1634991469,"blocksinheritance":false}}],"meta":{"methods":29675,"type":"ous","count":10,"version":4}}