﻿{"data":[{"ChildObjects":[{"ObjectIdentifier":"DACB2BA3-8579-4B33-9470-2C3E38579010","ObjectType":"Container"},{"ObjectIdentifier":"325DFF82-BCE0-4D1D-894C-626711704C5C","ObjectType":"OU"},{"ObjectIdentifier":"C4D7586C-07B2-4833-B955-E3D1BE7A7231","ObjectType":"Container"},{"ObjectIdentifier":"C9FCC4A2-3A23-49F7-A9F8-45C709DAE37B","ObjectType":"Container"},{"ObjectIdentifier":"BFC28568-C05B-4FB9-AE28-E6579C2DCEF0","ObjectType":"OU"},{"ObjectIdentifier":"72D0711E-0B2E-40B2-AC1F-2968C43B5853","ObjectType":"OU"},{"ObjectIdentifier":"D923D2ED-3A17-4157-8998-6F962652B37A","ObjectType":"Container"}],"Trusts":[],"Links":[{"IsEnforced":false,"GUID":"A6C32C1E-648D-4452-ABB0-DE4E4079A75F"}],"Aces":[{"PrincipalSID":"TIMELAPSE.HTB-S-1-5-32-544","PrincipalType":"Group","RightName":"Owns","IsInherited":false},{"PrincipalSID":"TIMELAPSE.HTB-S-1-5-32-544","PrincipalType":"Group","RightName":"WriteDacl","IsInherited":false},{"PrincipalSID":"TIMELAPSE.HTB-S-1-5-32-544","PrincipalType":"Group","RightName":"WriteOwner","IsInherited":false},{"PrincipalSID":"TIMELAPSE.HTB-S-1-5-32-544","PrincipalType":"Group","RightName":"AllExtendedRights","IsInherited":false},{"PrincipalSID":"S-1-5-21-671920749-559770252-3318990721-512","PrincipalType":"Group","RightName":"WriteDacl","IsInherited":false},{"PrincipalSID":"S-1-5-21-671920749-559770252-3318990721-512","PrincipalType":"Group","RightName":"WriteOwner","IsInherited":false},{"PrincipalSID":"S-1-5-21-671920749-559770252-3318990721-512","PrincipalType":"Group","RightName":"AllExtendedRights","IsInherited":false},{"PrincipalSID":"S-1-5-21-671920749-559770252-3318990721-519","PrincipalType":"Group","RightName":"GenericAll","IsInherited":false},{"PrincipalSID":"TIMELAPSE.HTB-S-1-5-9","PrincipalType":"Group","RightName":"GetChanges","IsInherited":false},{"PrincipalSID":"TIMELAPSE.HTB-S-1-5-32-544","PrincipalType":"Group","RightName":"GetChangesAll","IsInherited":false},{"PrincipalSID":"TIMELAPSE.HTB-S-1-5-32-544","PrincipalType":"Group","RightName":"GetChanges","IsInherited":false},{"PrincipalSID":"S-1-5-21-671920749-559770252-3318990721-498","PrincipalType":"Group","RightName":"GetChanges","IsInherited":false},{"PrincipalSID":"S-1-5-21-671920749-559770252-3318990721-516","PrincipalType":"Group","RightName":"GetChangesAll","IsInherited":false}],"ObjectIdentifier":"S-1-5-21-671920749-559770252-3318990721","IsDeleted":false,"IsACLProtected":false,"GPOChanges":{"LocalAdmins":[],"RemoteDesktopUsers":[],"DcomUsers":[],"PSRemoteUsers":[],"AffectedComputers":[]},"Properties":{"domain":"TIMELAPSE.HTB","name":"TIMELAPSE.HTB","distinguishedname":"DC=TIMELAPSE,DC=HTB","domainsid":"S-1-5-21-671920749-559770252-3318990721","highvalue":true,"description":null,"whencreated":1634989201,"functionallevel":"2016"}}],"meta":{"methods":29675,"type":"domains","count":1,"version":4}}