﻿{"data":[{"AllowedToDelegate":[],"PrimaryGroupSID":"S-1-5-21-671920749-559770252-3318990721-513","HasSIDHistory":[],"SPNTargets":[],"Aces":[{"PrincipalSID":"S-1-5-21-671920749-559770252-3318990721-512","PrincipalType":"Group","RightName":"Owns","IsInherited":false},{"PrincipalSID":"TIMELAPSE.HTB-S-1-5-32-544","PrincipalType":"Group","RightName":"WriteDacl","IsInherited":false},{"PrincipalSID":"TIMELAPSE.HTB-S-1-5-32-544","PrincipalType":"Group","RightName":"WriteOwner","IsInherited":false},{"PrincipalSID":"TIMELAPSE.HTB-S-1-5-32-544","PrincipalType":"Group","RightName":"AllExtendedRights","IsInherited":false},{"PrincipalSID":"TIMELAPSE.HTB-S-1-5-32-544","PrincipalType":"Group","RightName":"GenericWrite","IsInherited":false},{"PrincipalSID":"S-1-5-21-671920749-559770252-3318990721-512","PrincipalType":"Group","RightName":"WriteDacl","IsInherited":false},{"PrincipalSID":"S-1-5-21-671920749-559770252-3318990721-512","PrincipalType":"Group","RightName":"WriteOwner","IsInherited":false},{"PrincipalSID":"S-1-5-21-671920749-559770252-3318990721-512","PrincipalType":"Group","RightName":"AllExtendedRights","IsInherited":false},{"PrincipalSID":"S-1-5-21-671920749-559770252-3318990721-512","PrincipalType":"Group","RightName":"GenericWrite","IsInherited":false},{"PrincipalSID":"S-1-5-21-671920749-559770252-3318990721-519","PrincipalType":"Group","RightName":"WriteDacl","IsInherited":false},{"PrincipalSID":"S-1-5-21-671920749-559770252-3318990721-519","PrincipalType":"Group","RightName":"WriteOwner","IsInherited":false},{"PrincipalSID":"S-1-5-21-671920749-559770252-3318990721-519","PrincipalType":"Group","RightName":"AllExtendedRights","IsInherited":false},{"PrincipalSID":"S-1-5-21-671920749-559770252-3318990721-519","PrincipalType":"Group","RightName":"GenericWrite","IsInherited":false}],"ObjectIdentifier":"S-1-5-21-671920749-559770252-3318990721-500","IsDeleted":false,"IsACLProtected":true,"Properties":{"domain":"TIMELAPSE.HTB","name":"ADMINISTRATOR@TIMELAPSE.HTB","distinguishedname":"CN=ADMINISTRATOR,CN=USERS,DC=TIMELAPSE,DC=HTB","domainsid":"S-1-5-21-671920749-559770252-3318990721","highvalue":false,"description":"Built-in account for administering the computer/domain","whencreated":1634989207,"sensitive":false,"dontreqpreauth":false,"passwordnotreqd":false,"unconstraineddelegation":false,"pwdneverexpires":true,"enabled":true,"trustedtoauth":false,"lastlogon":1645666433,"lastlogontimestamp":1645665502,"pwdlastset":1661076708,"serviceprincipalnames":[],"hasspn":false,"displayname":null,"email":null,"title":null,"homedirectory":null,"userpassword":null,"unixpassword":null,"unicodepassword":null,"sfupassword":null,"admincount":true,"sidhistory":[]}},{"AllowedToDelegate":[],"PrimaryGroupSID":"S-1-5-21-671920749-559770252-3318990721-513","HasSIDHistory":[],"SPNTargets":[],"Aces":[{"PrincipalSID":"S-1-5-21-671920749-559770252-3318990721-512","PrincipalType":"Group","RightName":"Owns","IsInherited":false},{"PrincipalSID":"TIMELAPSE.HTB-S-1-5-32-544","PrincipalType":"Group","RightName":"WriteDacl","IsInherited":false},{"PrincipalSID":"TIMELAPSE.HTB-S-1-5-32-544","PrincipalType":"Group","RightName":"WriteOwner","IsInherited":false},{"PrincipalSID":"TIMELAPSE.HTB-S-1-5-32-544","PrincipalType":"Group","RightName":"AllExtendedRights","IsInherited":false},{"PrincipalSID":"TIMELAPSE.HTB-S-1-5-32-544","PrincipalType":"Group","RightName":"GenericWrite","IsInherited":false},{"PrincipalSID":"S-1-5-21-671920749-559770252-3318990721-512","PrincipalType":"Group","RightName":"WriteDacl","IsInherited":false},{"PrincipalSID":"S-1-5-21-671920749-559770252-3318990721-512","PrincipalType":"Group","RightName":"WriteOwner","IsInherited":false},{"PrincipalSID":"S-1-5-21-671920749-559770252-3318990721-512","PrincipalType":"Group","RightName":"AllExtendedRights","IsInherited":false},{"PrincipalSID":"S-1-5-21-671920749-559770252-3318990721-512","PrincipalType":"Group","RightName":"GenericWrite","IsInherited":false},{"PrincipalSID":"S-1-5-21-671920749-559770252-3318990721-519","PrincipalType":"Group","RightName":"WriteDacl","IsInherited":false},{"PrincipalSID":"S-1-5-21-671920749-559770252-3318990721-519","PrincipalType":"Group","RightName":"WriteOwner","IsInherited":false},{"PrincipalSID":"S-1-5-21-671920749-559770252-3318990721-519","PrincipalType":"Group","RightName":"AllExtendedRights","IsInherited":false},{"PrincipalSID":"S-1-5-21-671920749-559770252-3318990721-519","PrincipalType":"Group","RightName":"GenericWrite","IsInherited":false}],"ObjectIdentifier":"S-1-5-21-671920749-559770252-3318990721-5101","IsDeleted":false,"IsACLProtected":true,"Properties":{"domain":"TIMELAPSE.HTB","name":"TRX@TIMELAPSE.HTB","distinguishedname":"CN=TRX,OU=ADMINS,OU=STAFF,DC=TIMELAPSE,DC=HTB","domainsid":"S-1-5-21-671920749-559770252-3318990721","highvalue":false,"description":null,"whencreated":1645638225,"sensitive":false,"dontreqpreauth":false,"passwordnotreqd":false,"unconstraineddelegation":false,"pwdneverexpires":true,"enabled":true,"trustedtoauth":false,"lastlogon":1661076724,"lastlogontimestamp":1661076680,"pwdlastset":1645667025,"serviceprincipalnames":[],"hasspn":false,"displayname":"TRX","email":null,"title":null,"homedirectory":null,"userpassword":null,"unixpassword":null,"unicodepassword":null,"sfupassword":null,"admincount":true,"sidhistory":[]}},{"AllowedToDelegate":[],"PrimaryGroupSID":"S-1-5-21-671920749-559770252-3318990721-514","HasSIDHistory":[],"SPNTargets":[],"Aces":[{"PrincipalSID":"TIMELAPSE.HTB-S-1-5-32-544","PrincipalType":"Group","RightName":"Owns","IsInherited":false},{"PrincipalSID":"TIMELAPSE.HTB-S-1-5-32-548","PrincipalType":"Group","RightName":"GenericAll","IsInherited":false},{"PrincipalSID":"S-1-5-21-671920749-559770252-3318990721-512","PrincipalType":"Group","RightName":"GenericAll","IsInherited":false},{"PrincipalSID":"S-1-5-21-671920749-559770252-3318990721-526","PrincipalType":"Group","RightName":"AddKeyCredentialLink","IsInherited":true},{"PrincipalSID":"S-1-5-21-671920749-559770252-3318990721-527","PrincipalType":"Group","RightName":"AddKeyCredentialLink","IsInherited":true},{"PrincipalSID":"S-1-5-21-671920749-559770252-3318990721-519","PrincipalType":"Group","RightName":"GenericAll","IsInherited":true},{"PrincipalSID":"TIMELAPSE.HTB-S-1-5-32-544","PrincipalType":"Group","RightName":"WriteDacl","IsInherited":true},{"PrincipalSID":"TIMELAPSE.HTB-S-1-5-32-544","PrincipalType":"Group","RightName":"WriteOwner","IsInherited":true},{"PrincipalSID":"TIMELAPSE.HTB-S-1-5-32-544","PrincipalType":"Group","RightName":"AllExtendedRights","IsInherited":true},{"PrincipalSID":"TIMELAPSE.HTB-S-1-5-32-544","PrincipalType":"Group","RightName":"GenericWrite","IsInherited":true}],"ObjectIdentifier":"S-1-5-21-671920749-559770252-3318990721-501","IsDeleted":false,"IsACLProtected":false,"Properties":{"domain":"TIMELAPSE.HTB","name":"GUEST@TIMELAPSE.HTB","distinguishedname":"CN=GUEST,CN=USERS,DC=TIMELAPSE,DC=HTB","domainsid":"S-1-5-21-671920749-559770252-3318990721","highvalue":false,"description":"Built-in account for guest access to the computer/domain","whencreated":1634989207,"sensitive":false,"dontreqpreauth":false,"passwordnotreqd":true,"unconstraineddelegation":false,"pwdneverexpires":true,"enabled":true,"trustedtoauth":false,"lastlogon":0,"lastlogontimestamp":1661078255,"pwdlastset":0,"serviceprincipalnames":[],"hasspn":false,"displayname":null,"email":null,"title":null,"homedirectory":null,"userpassword":null,"unixpassword":null,"unicodepassword":null,"sfupassword":null,"admincount":false,"sidhistory":[]}},{"AllowedToDelegate":[],"PrimaryGroupSID":"S-1-5-21-671920749-559770252-3318990721-513","HasSIDHistory":[],"SPNTargets":[],"Aces":[{"PrincipalSID":"S-1-5-21-671920749-559770252-3318990721-512","PrincipalType":"Group","RightName":"Owns","IsInherited":false},{"PrincipalSID":"TIMELAPSE.HTB-S-1-5-32-544","PrincipalType":"Group","RightName":"WriteDacl","IsInherited":false},{"PrincipalSID":"TIMELAPSE.HTB-S-1-5-32-544","PrincipalType":"Group","RightName":"WriteOwner","IsInherited":false},{"PrincipalSID":"TIMELAPSE.HTB-S-1-5-32-544","PrincipalType":"Group","RightName":"AllExtendedRights","IsInherited":false},{"PrincipalSID":"TIMELAPSE.HTB-S-1-5-32-544","PrincipalType":"Group","RightName":"GenericWrite","IsInherited":false},{"PrincipalSID":"S-1-5-21-671920749-559770252-3318990721-512","PrincipalType":"Group","RightName":"WriteDacl","IsInherited":false},{"PrincipalSID":"S-1-5-21-671920749-559770252-3318990721-512","PrincipalType":"Group","RightName":"WriteOwner","IsInherited":false},{"PrincipalSID":"S-1-5-21-671920749-559770252-3318990721-512","PrincipalType":"Group","RightName":"AllExtendedRights","IsInherited":false},{"PrincipalSID":"S-1-5-21-671920749-559770252-3318990721-512","PrincipalType":"Group","RightName":"GenericWrite","IsInherited":false},{"PrincipalSID":"S-1-5-21-671920749-559770252-3318990721-519","PrincipalType":"Group","RightName":"WriteDacl","IsInherited":false},{"PrincipalSID":"S-1-5-21-671920749-559770252-3318990721-519","PrincipalType":"Group","RightName":"WriteOwner","IsInherited":false},{"PrincipalSID":"S-1-5-21-671920749-559770252-3318990721-519","PrincipalType":"Group","RightName":"AllExtendedRights","IsInherited":false},{"PrincipalSID":"S-1-5-21-671920749-559770252-3318990721-519","PrincipalType":"Group","RightName":"GenericWrite","IsInherited":false}],"ObjectIdentifier":"S-1-5-21-671920749-559770252-3318990721-502","IsDeleted":false,"IsACLProtected":true,"Properties":{"domain":"TIMELAPSE.HTB","name":"KRBTGT@TIMELAPSE.HTB","distinguishedname":"CN=KRBTGT,CN=USERS,DC=TIMELAPSE,DC=HTB","domainsid":"S-1-5-21-671920749-559770252-3318990721","highvalue":false,"description":"Key Distribution Center Service Account","whencreated":1634989255,"sensitive":false,"dontreqpreauth":false,"passwordnotreqd":false,"unconstraineddelegation":false,"pwdneverexpires":false,"enabled":false,"trustedtoauth":false,"lastlogon":0,"lastlogontimestamp":-1,"pwdlastset":1635014455,"serviceprincipalnames":["kadmin/changepw"],"hasspn":true,"displayname":null,"email":null,"title":null,"homedirectory":null,"userpassword":null,"unixpassword":null,"unicodepassword":null,"sfupassword":null,"admincount":true,"sidhistory":[]}},{"AllowedToDelegate":[],"PrimaryGroupSID":"S-1-5-21-671920749-559770252-3318990721-513","HasSIDHistory":[],"SPNTargets":[],"Aces":[{"PrincipalSID":"S-1-5-21-671920749-559770252-3318990721-512","PrincipalType":"Group","RightName":"Owns","IsInherited":false},{"PrincipalSID":"TIMELAPSE.HTB-S-1-5-32-544","PrincipalType":"Group","RightName":"WriteDacl","IsInherited":false},{"PrincipalSID":"TIMELAPSE.HTB-S-1-5-32-544","PrincipalType":"Group","RightName":"WriteOwner","IsInherited":false},{"PrincipalSID":"TIMELAPSE.HTB-S-1-5-32-544","PrincipalType":"Group","RightName":"AllExtendedRights","IsInherited":false},{"PrincipalSID":"TIMELAPSE.HTB-S-1-5-32-544","PrincipalType":"Group","RightName":"GenericWrite","IsInherited":false},{"PrincipalSID":"S-1-5-21-671920749-559770252-3318990721-512","PrincipalType":"Group","RightName":"WriteDacl","IsInherited":false},{"PrincipalSID":"S-1-5-21-671920749-559770252-3318990721-512","PrincipalType":"Group","RightName":"WriteOwner","IsInherited":false},{"PrincipalSID":"S-1-5-21-671920749-559770252-3318990721-512","PrincipalType":"Group","RightName":"AllExtendedRights","IsInherited":false},{"PrincipalSID":"S-1-5-21-671920749-559770252-3318990721-512","PrincipalType":"Group","RightName":"GenericWrite","IsInherited":false},{"PrincipalSID":"S-1-5-21-671920749-559770252-3318990721-519","PrincipalType":"Group","RightName":"WriteDacl","IsInherited":false},{"PrincipalSID":"S-1-5-21-671920749-559770252-3318990721-519","PrincipalType":"Group","RightName":"WriteOwner","IsInherited":false},{"PrincipalSID":"S-1-5-21-671920749-559770252-3318990721-519","PrincipalType":"Group","RightName":"AllExtendedRights","IsInherited":false},{"PrincipalSID":"S-1-5-21-671920749-559770252-3318990721-519","PrincipalType":"Group","RightName":"GenericWrite","IsInherited":false}],"ObjectIdentifier":"S-1-5-21-671920749-559770252-3318990721-1601","IsDeleted":false,"IsACLProtected":true,"Properties":{"domain":"TIMELAPSE.HTB","name":"THECYBERGEEK@TIMELAPSE.HTB","distinguishedname":"CN=THECYBERGEEK,OU=ADMINS,OU=STAFF,DC=TIMELAPSE,DC=HTB","domainsid":"S-1-5-21-671920749-559770252-3318990721","highvalue":false,"description":null,"whencreated":1634991386,"sensitive":false,"dontreqpreauth":false,"passwordnotreqd":false,"unconstraineddelegation":false,"pwdneverexpires":true,"enabled":true,"trustedtoauth":false,"lastlogon":0,"lastlogontimestamp":-1,"pwdlastset":1635016586,"serviceprincipalnames":[],"hasspn":false,"displayname":"TheCyberGeek","email":null,"title":null,"homedirectory":null,"userpassword":null,"unixpassword":null,"unicodepassword":null,"sfupassword":null,"admincount":true,"sidhistory":[]}},{"AllowedToDelegate":[],"PrimaryGroupSID":"S-1-5-21-671920749-559770252-3318990721-513","HasSIDHistory":[],"SPNTargets":[],"Aces":[{"PrincipalSID":"S-1-5-21-671920749-559770252-3318990721-512","PrincipalType":"Group","RightName":"Owns","IsInherited":false},{"PrincipalSID":"TIMELAPSE.HTB-S-1-5-32-544","PrincipalType":"Group","RightName":"WriteDacl","IsInherited":false},{"PrincipalSID":"TIMELAPSE.HTB-S-1-5-32-544","PrincipalType":"Group","RightName":"WriteOwner","IsInherited":false},{"PrincipalSID":"TIMELAPSE.HTB-S-1-5-32-544","PrincipalType":"Group","RightName":"AllExtendedRights","IsInherited":false},{"PrincipalSID":"TIMELAPSE.HTB-S-1-5-32-544","PrincipalType":"Group","RightName":"GenericWrite","IsInherited":false},{"PrincipalSID":"S-1-5-21-671920749-559770252-3318990721-512","PrincipalType":"Group","RightName":"WriteDacl","IsInherited":false},{"PrincipalSID":"S-1-5-21-671920749-559770252-3318990721-512","PrincipalType":"Group","RightName":"WriteOwner","IsInherited":false},{"PrincipalSID":"S-1-5-21-671920749-559770252-3318990721-512","PrincipalType":"Group","RightName":"AllExtendedRights","IsInherited":false},{"PrincipalSID":"S-1-5-21-671920749-559770252-3318990721-512","PrincipalType":"Group","RightName":"GenericWrite","IsInherited":false},{"PrincipalSID":"S-1-5-21-671920749-559770252-3318990721-519","PrincipalType":"Group","RightName":"WriteDacl","IsInherited":false},{"PrincipalSID":"S-1-5-21-671920749-559770252-3318990721-519","PrincipalType":"Group","RightName":"WriteOwner","IsInherited":false},{"PrincipalSID":"S-1-5-21-671920749-559770252-3318990721-519","PrincipalType":"Group","RightName":"AllExtendedRights","IsInherited":false},{"PrincipalSID":"S-1-5-21-671920749-559770252-3318990721-519","PrincipalType":"Group","RightName":"GenericWrite","IsInherited":false}],"ObjectIdentifier":"S-1-5-21-671920749-559770252-3318990721-1602","IsDeleted":false,"IsACLProtected":true,"Properties":{"domain":"TIMELAPSE.HTB","name":"PAYL0AD@TIMELAPSE.HTB","distinguishedname":"CN=PAYL0AD,OU=ADMINS,OU=STAFF,DC=TIMELAPSE,DC=HTB","domainsid":"S-1-5-21-671920749-559770252-3318990721","highvalue":false,"description":null,"whencreated":1634991404,"sensitive":false,"dontreqpreauth":false,"passwordnotreqd":false,"unconstraineddelegation":false,"pwdneverexpires":true,"enabled":true,"trustedtoauth":false,"lastlogon":0,"lastlogontimestamp":-1,"pwdlastset":1635016604,"serviceprincipalnames":[],"hasspn":false,"displayname":"Payl0ad","email":null,"title":null,"homedirectory":null,"userpassword":null,"unixpassword":null,"unicodepassword":null,"sfupassword":null,"admincount":true,"sidhistory":[]}},{"AllowedToDelegate":[],"PrimaryGroupSID":"S-1-5-21-671920749-559770252-3318990721-513","HasSIDHistory":[],"SPNTargets":[],"Aces":[{"PrincipalSID":"S-1-5-21-671920749-559770252-3318990721-512","PrincipalType":"Group","RightName":"Owns","IsInherited":false},{"PrincipalSID":"TIMELAPSE.HTB-S-1-5-32-544","PrincipalType":"Group","RightName":"WriteDacl","IsInherited":false},{"PrincipalSID":"TIMELAPSE.HTB-S-1-5-32-544","PrincipalType":"Group","RightName":"WriteOwner","IsInherited":false},{"PrincipalSID":"TIMELAPSE.HTB-S-1-5-32-544","PrincipalType":"Group","RightName":"AllExtendedRights","IsInherited":false},{"PrincipalSID":"TIMELAPSE.HTB-S-1-5-32-544","PrincipalType":"Group","RightName":"GenericWrite","IsInherited":false},{"PrincipalSID":"S-1-5-21-671920749-559770252-3318990721-512","PrincipalType":"Group","RightName":"WriteDacl","IsInherited":false},{"PrincipalSID":"S-1-5-21-671920749-559770252-3318990721-512","PrincipalType":"Group","RightName":"WriteOwner","IsInherited":false},{"PrincipalSID":"S-1-5-21-671920749-559770252-3318990721-512","PrincipalType":"Group","RightName":"AllExtendedRights","IsInherited":false},{"PrincipalSID":"S-1-5-21-671920749-559770252-3318990721-512","PrincipalType":"Group","RightName":"GenericWrite","IsInherited":false},{"PrincipalSID":"S-1-5-21-671920749-559770252-3318990721-519","PrincipalType":"Group","RightName":"WriteDacl","IsInherited":false},{"PrincipalSID":"S-1-5-21-671920749-559770252-3318990721-519","PrincipalType":"Group","RightName":"WriteOwner","IsInherited":false},{"PrincipalSID":"S-1-5-21-671920749-559770252-3318990721-519","PrincipalType":"Group","RightName":"AllExtendedRights","IsInherited":false},{"PrincipalSID":"S-1-5-21-671920749-559770252-3318990721-519","PrincipalType":"Group","RightName":"GenericWrite","IsInherited":false}],"ObjectIdentifier":"S-1-5-21-671920749-559770252-3318990721-1603","IsDeleted":false,"IsACLProtected":true,"Properties":{"domain":"TIMELAPSE.HTB","name":"LEGACYY@TIMELAPSE.HTB","distinguishedname":"CN=LEGACYY,OU=DEV,OU=STAFF,DC=TIMELAPSE,DC=HTB","domainsid":"S-1-5-21-671920749-559770252-3318990721","highvalue":false,"description":null,"whencreated":1634991430,"sensitive":false,"dontreqpreauth":false,"passwordnotreqd":false,"unconstraineddelegation":false,"pwdneverexpires":true,"enabled":true,"trustedtoauth":false,"lastlogon":1661082507,"lastlogontimestamp":1661082507,"pwdlastset":1635016630,"serviceprincipalnames":[],"hasspn":false,"displayname":"Legacyy","email":null,"title":null,"homedirectory":null,"userpassword":null,"unixpassword":null,"unicodepassword":null,"sfupassword":null,"admincount":true,"sidhistory":[]}},{"AllowedToDelegate":[],"PrimaryGroupSID":"S-1-5-21-671920749-559770252-3318990721-513","HasSIDHistory":[],"SPNTargets":[],"Aces":[{"PrincipalSID":"S-1-5-21-671920749-559770252-3318990721-512","PrincipalType":"Group","RightName":"Owns","IsInherited":false},{"PrincipalSID":"TIMELAPSE.HTB-S-1-5-32-548","PrincipalType":"Group","RightName":"GenericAll","IsInherited":false},{"PrincipalSID":"S-1-5-21-671920749-559770252-3318990721-512","PrincipalType":"Group","RightName":"GenericAll","IsInherited":false},{"PrincipalSID":"S-1-5-21-671920749-559770252-3318990721-526","PrincipalType":"Group","RightName":"AddKeyCredentialLink","IsInherited":true},{"PrincipalSID":"S-1-5-21-671920749-559770252-3318990721-527","PrincipalType":"Group","RightName":"AddKeyCredentialLink","IsInherited":true},{"PrincipalSID":"S-1-5-21-671920749-559770252-3318990721-519","PrincipalType":"Group","RightName":"GenericAll","IsInherited":true},{"PrincipalSID":"TIMELAPSE.HTB-S-1-5-32-544","PrincipalType":"Group","RightName":"WriteDacl","IsInherited":true},{"PrincipalSID":"TIMELAPSE.HTB-S-1-5-32-544","PrincipalType":"Group","RightName":"WriteOwner","IsInherited":true},{"PrincipalSID":"TIMELAPSE.HTB-S-1-5-32-544","PrincipalType":"Group","RightName":"AllExtendedRights","IsInherited":true},{"PrincipalSID":"TIMELAPSE.HTB-S-1-5-32-544","PrincipalType":"Group","RightName":"GenericWrite","IsInherited":true}],"ObjectIdentifier":"S-1-5-21-671920749-559770252-3318990721-1604","IsDeleted":false,"IsACLProtected":false,"Properties":{"domain":"TIMELAPSE.HTB","name":"SINFULZ@TIMELAPSE.HTB","distinguishedname":"CN=SINFULZ,OU=HELPDESK,OU=STAFF,DC=TIMELAPSE,DC=HTB","domainsid":"S-1-5-21-671920749-559770252-3318990721","highvalue":false,"description":null,"whencreated":1634991447,"sensitive":false,"dontreqpreauth":false,"passwordnotreqd":false,"unconstraineddelegation":false,"pwdneverexpires":true,"enabled":true,"trustedtoauth":false,"lastlogon":0,"lastlogontimestamp":-1,"pwdlastset":1635016647,"serviceprincipalnames":[],"hasspn":false,"displayname":"Sinfulz","email":null,"title":null,"homedirectory":null,"userpassword":null,"unixpassword":null,"unicodepassword":null,"sfupassword":null,"admincount":false,"sidhistory":[]}},{"AllowedToDelegate":[],"PrimaryGroupSID":"S-1-5-21-671920749-559770252-3318990721-513","HasSIDHistory":[],"SPNTargets":[],"Aces":[{"PrincipalSID":"S-1-5-21-671920749-559770252-3318990721-512","PrincipalType":"Group","RightName":"Owns","IsInherited":false},{"PrincipalSID":"TIMELAPSE.HTB-S-1-5-32-548","PrincipalType":"Group","RightName":"GenericAll","IsInherited":false},{"PrincipalSID":"S-1-5-21-671920749-559770252-3318990721-512","PrincipalType":"Group","RightName":"GenericAll","IsInherited":false},{"PrincipalSID":"S-1-5-21-671920749-559770252-3318990721-526","PrincipalType":"Group","RightName":"AddKeyCredentialLink","IsInherited":true},{"PrincipalSID":"S-1-5-21-671920749-559770252-3318990721-527","PrincipalType":"Group","RightName":"AddKeyCredentialLink","IsInherited":true},{"PrincipalSID":"S-1-5-21-671920749-559770252-3318990721-519","PrincipalType":"Group","RightName":"GenericAll","IsInherited":true},{"PrincipalSID":"TIMELAPSE.HTB-S-1-5-32-544","PrincipalType":"Group","RightName":"WriteDacl","IsInherited":true},{"PrincipalSID":"TIMELAPSE.HTB-S-1-5-32-544","PrincipalType":"Group","RightName":"WriteOwner","IsInherited":true},{"PrincipalSID":"TIMELAPSE.HTB-S-1-5-32-544","PrincipalType":"Group","RightName":"AllExtendedRights","IsInherited":true},{"PrincipalSID":"TIMELAPSE.HTB-S-1-5-32-544","PrincipalType":"Group","RightName":"GenericWrite","IsInherited":true}],"ObjectIdentifier":"S-1-5-21-671920749-559770252-3318990721-1605","IsDeleted":false,"IsACLProtected":false,"Properties":{"domain":"TIMELAPSE.HTB","name":"BABYWYRM@TIMELAPSE.HTB","distinguishedname":"CN=BABYWYRM,OU=HELPDESK,OU=STAFF,DC=TIMELAPSE,DC=HTB","domainsid":"S-1-5-21-671920749-559770252-3318990721","highvalue":false,"description":null,"whencreated":1634991461,"sensitive":false,"dontreqpreauth":false,"passwordnotreqd":false,"unconstraineddelegation":false,"pwdneverexpires":true,"enabled":true,"trustedtoauth":false,"lastlogon":0,"lastlogontimestamp":-1,"pwdlastset":1635016661,"serviceprincipalnames":[],"hasspn":false,"displayname":"Babywyrm","email":null,"title":null,"homedirectory":null,"userpassword":null,"unixpassword":null,"unicodepassword":null,"sfupassword":null,"admincount":false,"sidhistory":[]}},{"AllowedToDelegate":[],"PrimaryGroupSID":"S-1-5-21-671920749-559770252-3318990721-513","HasSIDHistory":[],"SPNTargets":[],"Aces":[{"PrincipalSID":"S-1-5-21-671920749-559770252-3318990721-512","PrincipalType":"Group","RightName":"Owns","IsInherited":false},{"PrincipalSID":"TIMELAPSE.HTB-S-1-5-32-548","PrincipalType":"Group","RightName":"GenericAll","IsInherited":false},{"PrincipalSID":"S-1-5-21-671920749-559770252-3318990721-512","PrincipalType":"Group","RightName":"GenericAll","IsInherited":false},{"PrincipalSID":"S-1-5-21-671920749-559770252-3318990721-526","PrincipalType":"Group","RightName":"AddKeyCredentialLink","IsInherited":true},{"PrincipalSID":"S-1-5-21-671920749-559770252-3318990721-527","PrincipalType":"Group","RightName":"AddKeyCredentialLink","IsInherited":true},{"PrincipalSID":"S-1-5-21-671920749-559770252-3318990721-519","PrincipalType":"Group","RightName":"GenericAll","IsInherited":true},{"PrincipalSID":"TIMELAPSE.HTB-S-1-5-32-544","PrincipalType":"Group","RightName":"WriteDacl","IsInherited":true},{"PrincipalSID":"TIMELAPSE.HTB-S-1-5-32-544","PrincipalType":"Group","RightName":"WriteOwner","IsInherited":true},{"PrincipalSID":"TIMELAPSE.HTB-S-1-5-32-544","PrincipalType":"Group","RightName":"AllExtendedRights","IsInherited":true},{"PrincipalSID":"TIMELAPSE.HTB-S-1-5-32-544","PrincipalType":"Group","RightName":"GenericWrite","IsInherited":true}],"ObjectIdentifier":"S-1-5-21-671920749-559770252-3318990721-3103","IsDeleted":false,"IsACLProtected":false,"Properties":{"domain":"TIMELAPSE.HTB","name":"SVC_DEPLOY@TIMELAPSE.HTB","distinguishedname":"CN=SVC_DEPLOY,CN=USERS,DC=TIMELAPSE,DC=HTB","domainsid":"S-1-5-21-671920749-559770252-3318990721","highvalue":false,"description":null,"whencreated":1635163957,"sensitive":false,"dontreqpreauth":false,"passwordnotreqd":false,"unconstraineddelegation":false,"pwdneverexpires":true,"enabled":true,"trustedtoauth":false,"lastlogon":1635189953,"lastlogontimestamp":1661083480,"pwdlastset":1635189157,"serviceprincipalnames":[],"hasspn":false,"displayname":"svc_deploy","email":null,"title":null,"homedirectory":null,"userpassword":null,"unixpassword":null,"unicodepassword":null,"sfupassword":null,"admincount":false,"sidhistory":[]}}],"meta":{"methods":29675,"type":"users","count":10,"version":4}}