﻿{"data":[{"Members":[],"Aces":[{"PrincipalSID":"S-1-5-21-671920749-559770252-3318990721-512","PrincipalType":"Group","RightName":"Owns","IsInherited":false},{"PrincipalSID":"TIMELAPSE.HTB-S-1-5-32-544","PrincipalType":"Group","RightName":"WriteDacl","IsInherited":false},{"PrincipalSID":"TIMELAPSE.HTB-S-1-5-32-544","PrincipalType":"Group","RightName":"WriteOwner","IsInherited":false},{"PrincipalSID":"TIMELAPSE.HTB-S-1-5-32-544","PrincipalType":"Group","RightName":"GenericWrite","IsInherited":false},{"PrincipalSID":"S-1-5-21-671920749-559770252-3318990721-512","PrincipalType":"Group","RightName":"WriteDacl","IsInherited":false},{"PrincipalSID":"S-1-5-21-671920749-559770252-3318990721-512","PrincipalType":"Group","RightName":"WriteOwner","IsInherited":false},{"PrincipalSID":"S-1-5-21-671920749-559770252-3318990721-512","PrincipalType":"Group","RightName":"GenericWrite","IsInherited":false},{"PrincipalSID":"S-1-5-21-671920749-559770252-3318990721-519","PrincipalType":"Group","RightName":"WriteDacl","IsInherited":false},{"PrincipalSID":"S-1-5-21-671920749-559770252-3318990721-519","PrincipalType":"Group","RightName":"WriteOwner","IsInherited":false},{"PrincipalSID":"S-1-5-21-671920749-559770252-3318990721-519","PrincipalType":"Group","RightName":"GenericWrite","IsInherited":false}],"ObjectIdentifier":"TIMELAPSE.HTB-S-1-5-32-552","IsDeleted":false,"IsACLProtected":true,"Properties":{"domain":"TIMELAPSE.HTB","name":"REPLICATORS@TIMELAPSE.HTB","distinguishedname":"CN=REPLICATOR,CN=BUILTIN,DC=TIMELAPSE,DC=HTB","domainsid":"S-1-5-21-671920749-559770252-3318990721","highvalue":false,"description":"Supports file replication in a domain","whencreated":1634989207,"admincount":true}},{"Members":[{"ObjectIdentifier":"S-1-5-21-671920749-559770252-3318990721-512","ObjectType":"Group"},{"ObjectIdentifier":"S-1-5-21-671920749-559770252-3318990721-519","ObjectType":"Group"},{"ObjectIdentifier":"S-1-5-21-671920749-559770252-3318990721-500","ObjectType":"User"}],"Aces":[{"PrincipalSID":"S-1-5-21-671920749-559770252-3318990721-512","PrincipalType":"Group","RightName":"Owns","IsInherited":false},{"PrincipalSID":"TIMELAPSE.HTB-S-1-5-32-544","PrincipalType":"Group","RightName":"WriteDacl","IsInherited":false},{"PrincipalSID":"TIMELAPSE.HTB-S-1-5-32-544","PrincipalType":"Group","RightName":"WriteOwner","IsInherited":false},{"PrincipalSID":"TIMELAPSE.HTB-S-1-5-32-544","PrincipalType":"Group","RightName":"GenericWrite","IsInherited":false},{"PrincipalSID":"S-1-5-21-671920749-559770252-3318990721-512","PrincipalType":"Group","RightName":"WriteDacl","IsInherited":false},{"PrincipalSID":"S-1-5-21-671920749-559770252-3318990721-512","PrincipalType":"Group","RightName":"WriteOwner","IsInherited":false},{"PrincipalSID":"S-1-5-21-671920749-559770252-3318990721-512","PrincipalType":"Group","RightName":"GenericWrite","IsInherited":false},{"PrincipalSID":"S-1-5-21-671920749-559770252-3318990721-519","PrincipalType":"Group","RightName":"WriteDacl","IsInherited":false},{"PrincipalSID":"S-1-5-21-671920749-559770252-3318990721-519","PrincipalType":"Group","RightName":"WriteOwner","IsInherited":false},{"PrincipalSID":"S-1-5-21-671920749-559770252-3318990721-519","PrincipalType":"Group","RightName":"GenericWrite","IsInherited":false}],"ObjectIdentifier":"TIMELAPSE.HTB-S-1-5-32-544","IsDeleted":false,"IsACLProtected":true,"Properties":{"domain":"TIMELAPSE.HTB","name":"ADMINISTRATORS@TIMELAPSE.HTB","distinguishedname":"CN=ADMINISTRATORS,CN=BUILTIN,DC=TIMELAPSE,DC=HTB","domainsid":"S-1-5-21-671920749-559770252-3318990721","highvalue":true,"description":"Administrators have complete and unrestricted access to the computer/domain","whencreated":1634989207,"admincount":true}},{"Members":[],"Aces":[{"PrincipalSID":"S-1-5-21-671920749-559770252-3318990721-512","PrincipalType":"Group","RightName":"Owns","IsInherited":false},{"PrincipalSID":"TIMELAPSE.HTB-S-1-5-32-544","PrincipalType":"Group","RightName":"WriteDacl","IsInherited":false},{"PrincipalSID":"TIMELAPSE.HTB-S-1-5-32-544","PrincipalType":"Group","RightName":"WriteOwner","IsInherited":false},{"PrincipalSID":"TIMELAPSE.HTB-S-1-5-32-544","PrincipalType":"Group","RightName":"GenericWrite","IsInherited":false},{"PrincipalSID":"S-1-5-21-671920749-559770252-3318990721-512","PrincipalType":"Group","RightName":"WriteDacl","IsInherited":false},{"PrincipalSID":"S-1-5-21-671920749-559770252-3318990721-512","PrincipalType":"Group","RightName":"WriteOwner","IsInherited":false},{"PrincipalSID":"S-1-5-21-671920749-559770252-3318990721-512","PrincipalType":"Group","RightName":"GenericWrite","IsInherited":false},{"PrincipalSID":"S-1-5-21-671920749-559770252-3318990721-519","PrincipalType":"Group","RightName":"WriteDacl","IsInherited":false},{"PrincipalSID":"S-1-5-21-671920749-559770252-3318990721-519","PrincipalType":"Group","RightName":"WriteOwner","IsInherited":false},{"PrincipalSID":"S-1-5-21-671920749-559770252-3318990721-519","PrincipalType":"Group","RightName":"GenericWrite","IsInherited":false}],"ObjectIdentifier":"TIMELAPSE.HTB-S-1-5-32-549","IsDeleted":false,"IsACLProtected":true,"Properties":{"domain":"TIMELAPSE.HTB","name":"SERVER OPERATORS@TIMELAPSE.HTB","distinguishedname":"CN=SERVER OPERATORS,CN=BUILTIN,DC=TIMELAPSE,DC=HTB","domainsid":"S-1-5-21-671920749-559770252-3318990721","highvalue":true,"description":"Members can administer domain servers","whencreated":1634989255,"admincount":true}},{"Members":[],"Aces":[{"PrincipalSID":"S-1-5-21-671920749-559770252-3318990721-512","PrincipalType":"Group","RightName":"Owns","IsInherited":false},{"PrincipalSID":"TIMELAPSE.HTB-S-1-5-32-548","PrincipalType":"Group","RightName":"GenericAll","IsInherited":false},{"PrincipalSID":"S-1-5-21-671920749-559770252-3318990721-512","PrincipalType":"Group","RightName":"GenericAll","IsInherited":false},{"PrincipalSID":"S-1-5-21-671920749-559770252-3318990721-519","PrincipalType":"Group","RightName":"GenericAll","IsInherited":true},{"PrincipalSID":"TIMELAPSE.HTB-S-1-5-32-544","PrincipalType":"Group","RightName":"WriteDacl","IsInherited":true},{"PrincipalSID":"TIMELAPSE.HTB-S-1-5-32-544","PrincipalType":"Group","RightName":"WriteOwner","IsInherited":true},{"PrincipalSID":"TIMELAPSE.HTB-S-1-5-32-544","PrincipalType":"Group","RightName":"GenericWrite","IsInherited":true}],"ObjectIdentifier":"S-1-5-21-671920749-559770252-3318990721-515","IsDeleted":false,"IsACLProtected":false,"Properties":{"domain":"TIMELAPSE.HTB","name":"DOMAIN COMPUTERS@TIMELAPSE.HTB","distinguishedname":"CN=DOMAIN COMPUTERS,CN=USERS,DC=TIMELAPSE,DC=HTB","domainsid":"S-1-5-21-671920749-559770252-3318990721","highvalue":false,"description":"All workstations and servers joined to the domain","whencreated":1634989255,"admincount":false}},{"Members":[{"ObjectIdentifier":"S-1-5-21-671920749-559770252-3318990721-500","ObjectType":"User"}],"Aces":[{"PrincipalSID":"S-1-5-21-671920749-559770252-3318990721-512","PrincipalType":"Group","RightName":"Owns","IsInherited":false},{"PrincipalSID":"TIMELAPSE.HTB-S-1-5-32-544","PrincipalType":"Group","RightName":"WriteDacl","IsInherited":false},{"PrincipalSID":"TIMELAPSE.HTB-S-1-5-32-544","PrincipalType":"Group","RightName":"WriteOwner","IsInherited":false},{"PrincipalSID":"TIMELAPSE.HTB-S-1-5-32-544","PrincipalType":"Group","RightName":"GenericWrite","IsInherited":false},{"PrincipalSID":"S-1-5-21-671920749-559770252-3318990721-512","PrincipalType":"Group","RightName":"WriteDacl","IsInherited":false},{"PrincipalSID":"S-1-5-21-671920749-559770252-3318990721-512","PrincipalType":"Group","RightName":"WriteOwner","IsInherited":false},{"PrincipalSID":"S-1-5-21-671920749-559770252-3318990721-512","PrincipalType":"Group","RightName":"GenericWrite","IsInherited":false},{"PrincipalSID":"S-1-5-21-671920749-559770252-3318990721-519","PrincipalType":"Group","RightName":"WriteDacl","IsInherited":false},{"PrincipalSID":"S-1-5-21-671920749-559770252-3318990721-519","PrincipalType":"Group","RightName":"WriteOwner","IsInherited":false},{"PrincipalSID":"S-1-5-21-671920749-559770252-3318990721-519","PrincipalType":"Group","RightName":"GenericWrite","IsInherited":false}],"ObjectIdentifier":"S-1-5-21-671920749-559770252-3318990721-518","IsDeleted":false,"IsACLProtected":true,"Properties":{"domain":"TIMELAPSE.HTB","name":"SCHEMA ADMINS@TIMELAPSE.HTB","distinguishedname":"CN=SCHEMA ADMINS,CN=USERS,DC=TIMELAPSE,DC=HTB","domainsid":"S-1-5-21-671920749-559770252-3318990721","highvalue":false,"description":"Designated administrators of the schema","whencreated":1634989255,"admincount":true}},{"Members":[{"ObjectIdentifier":"S-1-5-21-671920749-559770252-3318990721-500","ObjectType":"User"}],"Aces":[{"PrincipalSID":"S-1-5-21-671920749-559770252-3318990721-512","PrincipalType":"Group","RightName":"Owns","IsInherited":false},{"PrincipalSID":"TIMELAPSE.HTB-S-1-5-32-544","PrincipalType":"Group","RightName":"WriteDacl","IsInherited":false},{"PrincipalSID":"TIMELAPSE.HTB-S-1-5-32-544","PrincipalType":"Group","RightName":"WriteOwner","IsInherited":false},{"PrincipalSID":"TIMELAPSE.HTB-S-1-5-32-544","PrincipalType":"Group","RightName":"GenericWrite","IsInherited":false},{"PrincipalSID":"S-1-5-21-671920749-559770252-3318990721-512","PrincipalType":"Group","RightName":"WriteDacl","IsInherited":false},{"PrincipalSID":"S-1-5-21-671920749-559770252-3318990721-512","PrincipalType":"Group","RightName":"WriteOwner","IsInherited":false},{"PrincipalSID":"S-1-5-21-671920749-559770252-3318990721-512","PrincipalType":"Group","RightName":"GenericWrite","IsInherited":false},{"PrincipalSID":"S-1-5-21-671920749-559770252-3318990721-519","PrincipalType":"Group","RightName":"WriteDacl","IsInherited":false},{"PrincipalSID":"S-1-5-21-671920749-559770252-3318990721-519","PrincipalType":"Group","RightName":"WriteOwner","IsInherited":false},{"PrincipalSID":"S-1-5-21-671920749-559770252-3318990721-519","PrincipalType":"Group","RightName":"GenericWrite","IsInherited":false}],"ObjectIdentifier":"S-1-5-21-671920749-559770252-3318990721-519","IsDeleted":false,"IsACLProtected":true,"Properties":{"domain":"TIMELAPSE.HTB","name":"ENTERPRISE ADMINS@TIMELAPSE.HTB","distinguishedname":"CN=ENTERPRISE ADMINS,CN=USERS,DC=TIMELAPSE,DC=HTB","domainsid":"S-1-5-21-671920749-559770252-3318990721","highvalue":true,"description":"Designated administrators of the enterprise","whencreated":1634989255,"admincount":true}},{"Members":[],"Aces":[{"PrincipalSID":"TIMELAPSE.HTB-S-1-5-32-544","PrincipalType":"Group","RightName":"Owns","IsInherited":false},{"PrincipalSID":"TIMELAPSE.HTB-S-1-5-32-548","PrincipalType":"Group","RightName":"GenericAll","IsInherited":false},{"PrincipalSID":"S-1-5-21-671920749-559770252-3318990721-512","PrincipalType":"Group","RightName":"GenericAll","IsInherited":false},{"PrincipalSID":"S-1-5-21-671920749-559770252-3318990721-519","PrincipalType":"Group","RightName":"GenericAll","IsInherited":true},{"PrincipalSID":"TIMELAPSE.HTB-S-1-5-32-544","PrincipalType":"Group","RightName":"WriteDacl","IsInherited":true},{"PrincipalSID":"TIMELAPSE.HTB-S-1-5-32-544","PrincipalType":"Group","RightName":"WriteOwner","IsInherited":true},{"PrincipalSID":"TIMELAPSE.HTB-S-1-5-32-544","PrincipalType":"Group","RightName":"GenericWrite","IsInherited":true}],"ObjectIdentifier":"TIMELAPSE.HTB-S-1-5-32-556","IsDeleted":false,"IsACLProtected":false,"Properties":{"domain":"TIMELAPSE.HTB","name":"NETWORK CONFIGURATION OPERATORS@TIMELAPSE.HTB","distinguishedname":"CN=NETWORK CONFIGURATION OPERATORS,CN=BUILTIN,DC=TIMELAPSE,DC=HTB","domainsid":"S-1-5-21-671920749-559770252-3318990721","highvalue":false,"description":"Members in this group can have some administrative privileges to manage configuration of networking features","whencreated":1634989207,"admincount":false}},{"Members":[],"Aces":[{"PrincipalSID":"TIMELAPSE.HTB-S-1-5-32-544","PrincipalType":"Group","RightName":"Owns","IsInherited":false},{"PrincipalSID":"TIMELAPSE.HTB-S-1-5-32-548","PrincipalType":"Group","RightName":"GenericAll","IsInherited":false},{"PrincipalSID":"S-1-5-21-671920749-559770252-3318990721-512","PrincipalType":"Group","RightName":"GenericAll","IsInherited":false},{"PrincipalSID":"S-1-5-21-671920749-559770252-3318990721-519","PrincipalType":"Group","RightName":"GenericAll","IsInherited":true},{"PrincipalSID":"TIMELAPSE.HTB-S-1-5-32-544","PrincipalType":"Group","RightName":"WriteDacl","IsInherited":true},{"PrincipalSID":"TIMELAPSE.HTB-S-1-5-32-544","PrincipalType":"Group","RightName":"WriteOwner","IsInherited":true},{"PrincipalSID":"TIMELAPSE.HTB-S-1-5-32-544","PrincipalType":"Group","RightName":"GenericWrite","IsInherited":true}],"ObjectIdentifier":"TIMELAPSE.HTB-S-1-5-32-575","IsDeleted":false,"IsACLProtected":false,"Properties":{"domain":"TIMELAPSE.HTB","name":"RDS REMOTE ACCESS SERVERS@TIMELAPSE.HTB","distinguishedname":"CN=RDS REMOTE ACCESS SERVERS,CN=BUILTIN,DC=TIMELAPSE,DC=HTB","domainsid":"S-1-5-21-671920749-559770252-3318990721","highvalue":false,"description":"Servers in this group enable users of RemoteApp programs and personal virtual desktops access to these resources. In Internet-facing deployments, these servers are typically deployed in an edge network. This group needs to be populated on servers running RD Connection Broker. RD Gateway servers and RD Web Access servers used in the deployment need to be in this group.","whencreated":1634989207,"admincount":false}},{"Members":[{"ObjectIdentifier":"S-1-5-21-671920749-559770252-3318990721-3103","ObjectType":"User"},{"ObjectIdentifier":"S-1-5-21-671920749-559770252-3318990721-1603","ObjectType":"User"}],"Aces":[{"PrincipalSID":"TIMELAPSE.HTB-S-1-5-32-544","PrincipalType":"Group","RightName":"Owns","IsInherited":false},{"PrincipalSID":"TIMELAPSE.HTB-S-1-5-32-548","PrincipalType":"Group","RightName":"GenericAll","IsInherited":false},{"PrincipalSID":"S-1-5-21-671920749-559770252-3318990721-512","PrincipalType":"Group","RightName":"GenericAll","IsInherited":false},{"PrincipalSID":"S-1-5-21-671920749-559770252-3318990721-519","PrincipalType":"Group","RightName":"GenericAll","IsInherited":true},{"PrincipalSID":"TIMELAPSE.HTB-S-1-5-32-544","PrincipalType":"Group","RightName":"WriteDacl","IsInherited":true},{"PrincipalSID":"TIMELAPSE.HTB-S-1-5-32-544","PrincipalType":"Group","RightName":"WriteOwner","IsInherited":true},{"PrincipalSID":"TIMELAPSE.HTB-S-1-5-32-544","PrincipalType":"Group","RightName":"GenericWrite","IsInherited":true}],"ObjectIdentifier":"TIMELAPSE.HTB-S-1-5-32-580","IsDeleted":false,"IsACLProtected":false,"Properties":{"domain":"TIMELAPSE.HTB","name":"REMOTE MANAGEMENT USERS@TIMELAPSE.HTB","distinguishedname":"CN=REMOTE MANAGEMENT USERS,CN=BUILTIN,DC=TIMELAPSE,DC=HTB","domainsid":"S-1-5-21-671920749-559770252-3318990721","highvalue":false,"description":"Members of this group can access WMI resources over management protocols (such as WS-Management via the Windows Remote Management service). This applies only to WMI namespaces that grant access to the user.","whencreated":1634989207,"admincount":false}},{"Members":[{"ObjectIdentifier":"S-1-5-21-671920749-559770252-3318990721-500","ObjectType":"User"}],"Aces":[{"PrincipalSID":"S-1-5-21-671920749-559770252-3318990721-512","PrincipalType":"Group","RightName":"Owns","IsInherited":false},{"PrincipalSID":"TIMELAPSE.HTB-S-1-5-32-548","PrincipalType":"Group","RightName":"GenericAll","IsInherited":false},{"PrincipalSID":"S-1-5-21-671920749-559770252-3318990721-512","PrincipalType":"Group","RightName":"GenericAll","IsInherited":false},{"PrincipalSID":"S-1-5-21-671920749-559770252-3318990721-519","PrincipalType":"Group","RightName":"GenericAll","IsInherited":true},{"PrincipalSID":"TIMELAPSE.HTB-S-1-5-32-544","PrincipalType":"Group","RightName":"WriteDacl","IsInherited":true},{"PrincipalSID":"TIMELAPSE.HTB-S-1-5-32-544","PrincipalType":"Group","RightName":"WriteOwner","IsInherited":true},{"PrincipalSID":"TIMELAPSE.HTB-S-1-5-32-544","PrincipalType":"Group","RightName":"GenericWrite","IsInherited":true}],"ObjectIdentifier":"S-1-5-21-671920749-559770252-3318990721-520","IsDeleted":false,"IsACLProtected":false,"Properties":{"domain":"TIMELAPSE.HTB","name":"GROUP POLICY CREATOR OWNERS@TIMELAPSE.HTB","distinguishedname":"CN=GROUP POLICY CREATOR OWNERS,CN=USERS,DC=TIMELAPSE,DC=HTB","domainsid":"S-1-5-21-671920749-559770252-3318990721","highvalue":false,"description":"Members in this group can modify group policy for the domain","whencreated":1634989255,"admincount":false}},{"Members":[],"Aces":[{"PrincipalSID":"S-1-5-21-671920749-559770252-3318990721-512","PrincipalType":"Group","RightName":"Owns","IsInherited":false},{"PrincipalSID":"TIMELAPSE.HTB-S-1-5-32-548","PrincipalType":"Group","RightName":"GenericAll","IsInherited":false},{"PrincipalSID":"S-1-5-21-671920749-559770252-3318990721-512","PrincipalType":"Group","RightName":"GenericAll","IsInherited":false},{"PrincipalSID":"S-1-5-21-671920749-559770252-3318990721-519","PrincipalType":"Group","RightName":"GenericAll","IsInherited":true},{"PrincipalSID":"TIMELAPSE.HTB-S-1-5-32-544","PrincipalType":"Group","RightName":"WriteDacl","IsInherited":true},{"PrincipalSID":"TIMELAPSE.HTB-S-1-5-32-544","PrincipalType":"Group","RightName":"WriteOwner","IsInherited":true},{"PrincipalSID":"TIMELAPSE.HTB-S-1-5-32-544","PrincipalType":"Group","RightName":"GenericWrite","IsInherited":true}],"ObjectIdentifier":"S-1-5-21-671920749-559770252-3318990721-571","IsDeleted":false,"IsACLProtected":false,"Properties":{"domain":"TIMELAPSE.HTB","name":"ALLOWED RODC PASSWORD REPLICATION GROUP@TIMELAPSE.HTB","distinguishedname":"CN=ALLOWED RODC PASSWORD REPLICATION GROUP,CN=USERS,DC=TIMELAPSE,DC=HTB","domainsid":"S-1-5-21-671920749-559770252-3318990721","highvalue":false,"description":"Members in this group can have their passwords replicated to all read-only domain controllers in the domain","whencreated":1634989255,"admincount":false}},{"Members":[],"Aces":[{"PrincipalSID":"S-1-5-21-671920749-559770252-3318990721-512","PrincipalType":"Group","RightName":"Owns","IsInherited":false},{"PrincipalSID":"TIMELAPSE.HTB-S-1-5-32-544","PrincipalType":"Group","RightName":"WriteDacl","IsInherited":false},{"PrincipalSID":"TIMELAPSE.HTB-S-1-5-32-544","PrincipalType":"Group","RightName":"WriteOwner","IsInherited":false},{"PrincipalSID":"TIMELAPSE.HTB-S-1-5-32-544","PrincipalType":"Group","RightName":"GenericWrite","IsInherited":false},{"PrincipalSID":"S-1-5-21-671920749-559770252-3318990721-512","PrincipalType":"Group","RightName":"WriteDacl","IsInherited":false},{"PrincipalSID":"S-1-5-21-671920749-559770252-3318990721-512","PrincipalType":"Group","RightName":"WriteOwner","IsInherited":false},{"PrincipalSID":"S-1-5-21-671920749-559770252-3318990721-512","PrincipalType":"Group","RightName":"GenericWrite","IsInherited":false},{"PrincipalSID":"S-1-5-21-671920749-559770252-3318990721-519","PrincipalType":"Group","RightName":"WriteDacl","IsInherited":false},{"PrincipalSID":"S-1-5-21-671920749-559770252-3318990721-519","PrincipalType":"Group","RightName":"WriteOwner","IsInherited":false},{"PrincipalSID":"S-1-5-21-671920749-559770252-3318990721-519","PrincipalType":"Group","RightName":"GenericWrite","IsInherited":false}],"ObjectIdentifier":"TIMELAPSE.HTB-S-1-5-32-548","IsDeleted":false,"IsACLProtected":true,"Properties":{"domain":"TIMELAPSE.HTB","name":"ACCOUNT OPERATORS@TIMELAPSE.HTB","distinguishedname":"CN=ACCOUNT OPERATORS,CN=BUILTIN,DC=TIMELAPSE,DC=HTB","domainsid":"S-1-5-21-671920749-559770252-3318990721","highvalue":true,"description":"Members can administer domain user and group accounts","whencreated":1634989255,"admincount":true}},{"Members":[],"Aces":[{"PrincipalSID":"S-1-5-21-671920749-559770252-3318990721-512","PrincipalType":"Group","RightName":"Owns","IsInherited":false},{"PrincipalSID":"TIMELAPSE.HTB-S-1-5-32-548","PrincipalType":"Group","RightName":"GenericAll","IsInherited":false},{"PrincipalSID":"S-1-5-21-671920749-559770252-3318990721-512","PrincipalType":"Group","RightName":"GenericAll","IsInherited":false},{"PrincipalSID":"S-1-5-21-671920749-559770252-3318990721-519","PrincipalType":"Group","RightName":"GenericAll","IsInherited":true},{"PrincipalSID":"TIMELAPSE.HTB-S-1-5-32-544","PrincipalType":"Group","RightName":"WriteDacl","IsInherited":true},{"PrincipalSID":"TIMELAPSE.HTB-S-1-5-32-544","PrincipalType":"Group","RightName":"WriteOwner","IsInherited":true},{"PrincipalSID":"TIMELAPSE.HTB-S-1-5-32-544","PrincipalType":"Group","RightName":"GenericWrite","IsInherited":true}],"ObjectIdentifier":"TIMELAPSE.HTB-S-1-5-32-561","IsDeleted":false,"IsACLProtected":false,"Properties":{"domain":"TIMELAPSE.HTB","name":"TERMINAL SERVER LICENSE SERVERS@TIMELAPSE.HTB","distinguishedname":"CN=TERMINAL SERVER LICENSE SERVERS,CN=BUILTIN,DC=TIMELAPSE,DC=HTB","domainsid":"S-1-5-21-671920749-559770252-3318990721","highvalue":false,"description":"Members of this group can update user accounts in Active Directory with information about license issuance, for the purpose of tracking and reporting TS Per User CAL usage","whencreated":1634989255,"admincount":false}},{"Members":[{"ObjectIdentifier":"S-1-5-21-671920749-559770252-3318990721-3103","ObjectType":"User"}],"Aces":[{"PrincipalSID":"S-1-5-21-671920749-559770252-3318990721-512","PrincipalType":"Group","RightName":"Owns","IsInherited":false},{"PrincipalSID":"TIMELAPSE.HTB-S-1-5-32-548","PrincipalType":"Group","RightName":"GenericAll","IsInherited":false},{"PrincipalSID":"S-1-5-21-671920749-559770252-3318990721-512","PrincipalType":"Group","RightName":"GenericAll","IsInherited":false},{"PrincipalSID":"S-1-5-21-671920749-559770252-3318990721-519","PrincipalType":"Group","RightName":"GenericAll","IsInherited":true},{"PrincipalSID":"TIMELAPSE.HTB-S-1-5-32-544","PrincipalType":"Group","RightName":"WriteDacl","IsInherited":true},{"PrincipalSID":"TIMELAPSE.HTB-S-1-5-32-544","PrincipalType":"Group","RightName":"WriteOwner","IsInherited":true},{"PrincipalSID":"TIMELAPSE.HTB-S-1-5-32-544","PrincipalType":"Group","RightName":"GenericWrite","IsInherited":true}],"ObjectIdentifier":"S-1-5-21-671920749-559770252-3318990721-2601","IsDeleted":false,"IsACLProtected":false,"Properties":{"domain":"TIMELAPSE.HTB","name":"LAPS_READERS@TIMELAPSE.HTB","distinguishedname":"CN=LAPS_READERS,OU=GROUPS,OU=STAFF,DC=TIMELAPSE,DC=HTB","domainsid":"S-1-5-21-671920749-559770252-3318990721","highvalue":false,"description":null,"whencreated":1635152519,"admincount":false}},{"Members":[{"ObjectIdentifier":"S-1-5-21-671920749-559770252-3318990721-1603","ObjectType":"User"}],"Aces":[{"PrincipalSID":"S-1-5-21-671920749-559770252-3318990721-512","PrincipalType":"Group","RightName":"Owns","IsInherited":false},{"PrincipalSID":"TIMELAPSE.HTB-S-1-5-32-548","PrincipalType":"Group","RightName":"GenericAll","IsInherited":false},{"PrincipalSID":"S-1-5-21-671920749-559770252-3318990721-512","PrincipalType":"Group","RightName":"GenericAll","IsInherited":false},{"PrincipalSID":"S-1-5-21-671920749-559770252-3318990721-519","PrincipalType":"Group","RightName":"GenericAll","IsInherited":true},{"PrincipalSID":"TIMELAPSE.HTB-S-1-5-32-544","PrincipalType":"Group","RightName":"WriteDacl","IsInherited":true},{"PrincipalSID":"TIMELAPSE.HTB-S-1-5-32-544","PrincipalType":"Group","RightName":"WriteOwner","IsInherited":true},{"PrincipalSID":"TIMELAPSE.HTB-S-1-5-32-544","PrincipalType":"Group","RightName":"GenericWrite","IsInherited":true}],"ObjectIdentifier":"S-1-5-21-671920749-559770252-3318990721-3101","IsDeleted":false,"IsACLProtected":false,"Properties":{"domain":"TIMELAPSE.HTB","name":"DEVELOPMENT@TIMELAPSE.HTB","distinguishedname":"CN=DEVELOPMENT,OU=GROUPS,OU=STAFF,DC=TIMELAPSE,DC=HTB","domainsid":"S-1-5-21-671920749-559770252-3318990721","highvalue":false,"description":null,"whencreated":1635163833,"admincount":false}},{"Members":[{"ObjectIdentifier":"S-1-5-21-671920749-559770252-3318990721-521","ObjectType":"Group"},{"ObjectIdentifier":"S-1-5-21-671920749-559770252-3318990721-520","ObjectType":"Group"},{"ObjectIdentifier":"S-1-5-21-671920749-559770252-3318990721-512","ObjectType":"Group"},{"ObjectIdentifier":"S-1-5-21-671920749-559770252-3318990721-517","ObjectType":"Group"},{"ObjectIdentifier":"S-1-5-21-671920749-559770252-3318990721-519","ObjectType":"Group"},{"ObjectIdentifier":"S-1-5-21-671920749-559770252-3318990721-518","ObjectType":"Group"},{"ObjectIdentifier":"S-1-5-21-671920749-559770252-3318990721-516","ObjectType":"Group"},{"ObjectIdentifier":"S-1-5-21-671920749-559770252-3318990721-502","ObjectType":"User"}],"Aces":[{"PrincipalSID":"S-1-5-21-671920749-559770252-3318990721-512","PrincipalType":"Group","RightName":"Owns","IsInherited":false},{"PrincipalSID":"TIMELAPSE.HTB-S-1-5-32-548","PrincipalType":"Group","RightName":"GenericAll","IsInherited":false},{"PrincipalSID":"S-1-5-21-671920749-559770252-3318990721-512","PrincipalType":"Group","RightName":"GenericAll","IsInherited":false},{"PrincipalSID":"S-1-5-21-671920749-559770252-3318990721-519","PrincipalType":"Group","RightName":"GenericAll","IsInherited":true},{"PrincipalSID":"TIMELAPSE.HTB-S-1-5-32-544","PrincipalType":"Group","RightName":"WriteDacl","IsInherited":true},{"PrincipalSID":"TIMELAPSE.HTB-S-1-5-32-544","PrincipalType":"Group","RightName":"WriteOwner","IsInherited":true},{"PrincipalSID":"TIMELAPSE.HTB-S-1-5-32-544","PrincipalType":"Group","RightName":"GenericWrite","IsInherited":true}],"ObjectIdentifier":"S-1-5-21-671920749-559770252-3318990721-572","IsDeleted":false,"IsACLProtected":false,"Properties":{"domain":"TIMELAPSE.HTB","name":"DENIED RODC PASSWORD REPLICATION GROUP@TIMELAPSE.HTB","distinguishedname":"CN=DENIED RODC PASSWORD REPLICATION GROUP,CN=USERS,DC=TIMELAPSE,DC=HTB","domainsid":"S-1-5-21-671920749-559770252-3318990721","highvalue":false,"description":"Members in this group cannot have their passwords replicated to any read-only domain controllers in the domain","whencreated":1634989255,"admincount":false}},{"Members":[],"Aces":[{"PrincipalSID":"S-1-5-21-671920749-559770252-3318990721-512","PrincipalType":"Group","RightName":"Owns","IsInherited":false},{"PrincipalSID":"TIMELAPSE.HTB-S-1-5-32-544","PrincipalType":"Group","RightName":"WriteDacl","IsInherited":false},{"PrincipalSID":"TIMELAPSE.HTB-S-1-5-32-544","PrincipalType":"Group","RightName":"WriteOwner","IsInherited":false},{"PrincipalSID":"TIMELAPSE.HTB-S-1-5-32-544","PrincipalType":"Group","RightName":"GenericWrite","IsInherited":false},{"PrincipalSID":"S-1-5-21-671920749-559770252-3318990721-512","PrincipalType":"Group","RightName":"WriteDacl","IsInherited":false},{"PrincipalSID":"S-1-5-21-671920749-559770252-3318990721-512","PrincipalType":"Group","RightName":"WriteOwner","IsInherited":false},{"PrincipalSID":"S-1-5-21-671920749-559770252-3318990721-512","PrincipalType":"Group","RightName":"GenericWrite","IsInherited":false},{"PrincipalSID":"S-1-5-21-671920749-559770252-3318990721-519","PrincipalType":"Group","RightName":"WriteDacl","IsInherited":false},{"PrincipalSID":"S-1-5-21-671920749-559770252-3318990721-519","PrincipalType":"Group","RightName":"WriteOwner","IsInherited":false},{"PrincipalSID":"S-1-5-21-671920749-559770252-3318990721-519","PrincipalType":"Group","RightName":"GenericWrite","IsInherited":false}],"ObjectIdentifier":"TIMELAPSE.HTB-S-1-5-32-550","IsDeleted":false,"IsACLProtected":true,"Properties":{"domain":"TIMELAPSE.HTB","name":"PRINT OPERATORS@TIMELAPSE.HTB","distinguishedname":"CN=PRINT OPERATORS,CN=BUILTIN,DC=TIMELAPSE,DC=HTB","domainsid":"S-1-5-21-671920749-559770252-3318990721","highvalue":true,"description":"Members can administer printers installed on domain controllers","whencreated":1634989207,"admincount":true}},{"Members":[],"Aces":[{"PrincipalSID":"TIMELAPSE.HTB-S-1-5-32-548","PrincipalType":"Group","RightName":"GenericAll","IsInherited":false},{"PrincipalSID":"S-1-5-21-671920749-559770252-3318990721-512","PrincipalType":"Group","RightName":"GenericAll","IsInherited":false},{"PrincipalSID":"S-1-5-21-671920749-559770252-3318990721-519","PrincipalType":"Group","RightName":"GenericAll","IsInherited":true},{"PrincipalSID":"TIMELAPSE.HTB-S-1-5-32-544","PrincipalType":"Group","RightName":"WriteDacl","IsInherited":true},{"PrincipalSID":"TIMELAPSE.HTB-S-1-5-32-544","PrincipalType":"Group","RightName":"WriteOwner","IsInherited":true},{"PrincipalSID":"TIMELAPSE.HTB-S-1-5-32-544","PrincipalType":"Group","RightName":"GenericWrite","IsInherited":true}],"ObjectIdentifier":"S-1-5-21-671920749-559770252-3318990721-1101","IsDeleted":false,"IsACLProtected":false,"Properties":{"domain":"TIMELAPSE.HTB","name":"DNSADMINS@TIMELAPSE.HTB","distinguishedname":"CN=DNSADMINS,CN=USERS,DC=TIMELAPSE,DC=HTB","domainsid":"S-1-5-21-671920749-559770252-3318990721","highvalue":false,"description":"DNS Administrators Group","whencreated":1634989295,"admincount":false}},{"Members":[],"Aces":[{"PrincipalSID":"S-1-5-21-671920749-559770252-3318990721-512","PrincipalType":"Group","RightName":"Owns","IsInherited":false},{"PrincipalSID":"TIMELAPSE.HTB-S-1-5-32-548","PrincipalType":"Group","RightName":"GenericAll","IsInherited":false},{"PrincipalSID":"S-1-5-21-671920749-559770252-3318990721-512","PrincipalType":"Group","RightName":"GenericAll","IsInherited":false},{"PrincipalSID":"S-1-5-21-671920749-559770252-3318990721-519","PrincipalType":"Group","RightName":"GenericAll","IsInherited":true},{"PrincipalSID":"TIMELAPSE.HTB-S-1-5-32-544","PrincipalType":"Group","RightName":"WriteDacl","IsInherited":true},{"PrincipalSID":"TIMELAPSE.HTB-S-1-5-32-544","PrincipalType":"Group","RightName":"WriteOwner","IsInherited":true},{"PrincipalSID":"TIMELAPSE.HTB-S-1-5-32-544","PrincipalType":"Group","RightName":"GenericWrite","IsInherited":true}],"ObjectIdentifier":"S-1-5-21-671920749-559770252-3318990721-522","IsDeleted":false,"IsACLProtected":false,"Properties":{"domain":"TIMELAPSE.HTB","name":"CLONEABLE DOMAIN CONTROLLERS@TIMELAPSE.HTB","distinguishedname":"CN=CLONEABLE DOMAIN CONTROLLERS,CN=USERS,DC=TIMELAPSE,DC=HTB","domainsid":"S-1-5-21-671920749-559770252-3318990721","highvalue":false,"description":"Members of this group that are domain controllers may be cloned.","whencreated":1634989255,"admincount":false}},{"Members":[],"Aces":[{"PrincipalSID":"S-1-5-21-671920749-559770252-3318990721-512","PrincipalType":"Group","RightName":"Owns","IsInherited":false},{"PrincipalSID":"TIMELAPSE.HTB-S-1-5-32-544","PrincipalType":"Group","RightName":"WriteDacl","IsInherited":false},{"PrincipalSID":"TIMELAPSE.HTB-S-1-5-32-544","PrincipalType":"Group","RightName":"WriteOwner","IsInherited":false},{"PrincipalSID":"TIMELAPSE.HTB-S-1-5-32-544","PrincipalType":"Group","RightName":"GenericWrite","IsInherited":false},{"PrincipalSID":"S-1-5-21-671920749-559770252-3318990721-512","PrincipalType":"Group","RightName":"WriteDacl","IsInherited":false},{"PrincipalSID":"S-1-5-21-671920749-559770252-3318990721-512","PrincipalType":"Group","RightName":"WriteOwner","IsInherited":false},{"PrincipalSID":"S-1-5-21-671920749-559770252-3318990721-512","PrincipalType":"Group","RightName":"GenericWrite","IsInherited":false},{"PrincipalSID":"S-1-5-21-671920749-559770252-3318990721-519","PrincipalType":"Group","RightName":"WriteDacl","IsInherited":false},{"PrincipalSID":"S-1-5-21-671920749-559770252-3318990721-519","PrincipalType":"Group","RightName":"WriteOwner","IsInherited":false},{"PrincipalSID":"S-1-5-21-671920749-559770252-3318990721-519","PrincipalType":"Group","RightName":"GenericWrite","IsInherited":false}],"ObjectIdentifier":"S-1-5-21-671920749-559770252-3318990721-527","IsDeleted":false,"IsACLProtected":true,"Properties":{"domain":"TIMELAPSE.HTB","name":"ENTERPRISE KEY ADMINS@TIMELAPSE.HTB","distinguishedname":"CN=ENTERPRISE KEY ADMINS,CN=USERS,DC=TIMELAPSE,DC=HTB","domainsid":"S-1-5-21-671920749-559770252-3318990721","highvalue":false,"description":"Members of this group can perform administrative actions on key objects within the forest.","whencreated":1634989255,"admincount":true}},{"Members":[{"ObjectIdentifier":"S-1-5-21-671920749-559770252-3318990721-1605","ObjectType":"User"},{"ObjectIdentifier":"S-1-5-21-671920749-559770252-3318990721-1604","ObjectType":"User"}],"Aces":[{"PrincipalSID":"S-1-5-21-671920749-559770252-3318990721-512","PrincipalType":"Group","RightName":"Owns","IsInherited":false},{"PrincipalSID":"TIMELAPSE.HTB-S-1-5-32-548","PrincipalType":"Group","RightName":"GenericAll","IsInherited":false},{"PrincipalSID":"S-1-5-21-671920749-559770252-3318990721-512","PrincipalType":"Group","RightName":"GenericAll","IsInherited":false},{"PrincipalSID":"S-1-5-21-671920749-559770252-3318990721-519","PrincipalType":"Group","RightName":"GenericAll","IsInherited":true},{"PrincipalSID":"TIMELAPSE.HTB-S-1-5-32-544","PrincipalType":"Group","RightName":"WriteDacl","IsInherited":true},{"PrincipalSID":"TIMELAPSE.HTB-S-1-5-32-544","PrincipalType":"Group","RightName":"WriteOwner","IsInherited":true},{"PrincipalSID":"TIMELAPSE.HTB-S-1-5-32-544","PrincipalType":"Group","RightName":"GenericWrite","IsInherited":true}],"ObjectIdentifier":"S-1-5-21-671920749-559770252-3318990721-3102","IsDeleted":false,"IsACLProtected":false,"Properties":{"domain":"TIMELAPSE.HTB","name":"HELPDESK@TIMELAPSE.HTB","distinguishedname":"CN=HELPDESK,OU=GROUPS,OU=STAFF,DC=TIMELAPSE,DC=HTB","domainsid":"S-1-5-21-671920749-559770252-3318990721","highvalue":false,"description":null,"whencreated":1635163838,"admincount":false}},{"Members":[],"Aces":[{"PrincipalSID":"S-1-5-21-671920749-559770252-3318990721-512","PrincipalType":"Group","RightName":"Owns","IsInherited":false},{"PrincipalSID":"TIMELAPSE.HTB-S-1-5-32-548","PrincipalType":"Group","RightName":"GenericAll","IsInherited":false},{"PrincipalSID":"S-1-5-21-671920749-559770252-3318990721-512","PrincipalType":"Group","RightName":"GenericAll","IsInherited":false},{"PrincipalSID":"S-1-5-21-671920749-559770252-3318990721-519","PrincipalType":"Group","RightName":"GenericAll","IsInherited":true},{"PrincipalSID":"TIMELAPSE.HTB-S-1-5-32-544","PrincipalType":"Group","RightName":"WriteDacl","IsInherited":true},{"PrincipalSID":"TIMELAPSE.HTB-S-1-5-32-544","PrincipalType":"Group","RightName":"WriteOwner","IsInherited":true},{"PrincipalSID":"TIMELAPSE.HTB-S-1-5-32-544","PrincipalType":"Group","RightName":"GenericWrite","IsInherited":true}],"ObjectIdentifier":"S-1-5-21-671920749-559770252-3318990721-525","IsDeleted":false,"IsACLProtected":false,"Properties":{"domain":"TIMELAPSE.HTB","name":"PROTECTED USERS@TIMELAPSE.HTB","distinguishedname":"CN=PROTECTED USERS,CN=USERS,DC=TIMELAPSE,DC=HTB","domainsid":"S-1-5-21-671920749-559770252-3318990721","highvalue":false,"description":"Members of this group are afforded additional protections against authentication security threats. See http://go.microsoft.com/fwlink/?LinkId=298939 for more information.","whencreated":1634989255,"admincount":false}},{"Members":[],"Aces":[{"PrincipalSID":"TIMELAPSE.HTB-S-1-5-32-544","PrincipalType":"Group","RightName":"Owns","IsInherited":false},{"PrincipalSID":"TIMELAPSE.HTB-S-1-5-32-548","PrincipalType":"Group","RightName":"GenericAll","IsInherited":false},{"PrincipalSID":"S-1-5-21-671920749-559770252-3318990721-512","PrincipalType":"Group","RightName":"GenericAll","IsInherited":false},{"PrincipalSID":"S-1-5-21-671920749-559770252-3318990721-519","PrincipalType":"Group","RightName":"GenericAll","IsInherited":true},{"PrincipalSID":"TIMELAPSE.HTB-S-1-5-32-544","PrincipalType":"Group","RightName":"WriteDacl","IsInherited":true},{"PrincipalSID":"TIMELAPSE.HTB-S-1-5-32-544","PrincipalType":"Group","RightName":"WriteOwner","IsInherited":true},{"PrincipalSID":"TIMELAPSE.HTB-S-1-5-32-544","PrincipalType":"Group","RightName":"GenericWrite","IsInherited":true}],"ObjectIdentifier":"TIMELAPSE.HTB-S-1-5-32-558","IsDeleted":false,"IsACLProtected":false,"Properties":{"domain":"TIMELAPSE.HTB","name":"PERFORMANCE MONITOR USERS@TIMELAPSE.HTB","distinguishedname":"CN=PERFORMANCE MONITOR USERS,CN=BUILTIN,DC=TIMELAPSE,DC=HTB","domainsid":"S-1-5-21-671920749-559770252-3318990721","highvalue":false,"description":"Members of this group can access performance counter data locally and remotely","whencreated":1634989207,"admincount":false}},{"Members":[],"Aces":[{"PrincipalSID":"S-1-5-21-671920749-559770252-3318990721-512","PrincipalType":"Group","RightName":"Owns","IsInherited":false},{"PrincipalSID":"TIMELAPSE.HTB-S-1-5-32-544","PrincipalType":"Group","RightName":"WriteDacl","IsInherited":false},{"PrincipalSID":"TIMELAPSE.HTB-S-1-5-32-544","PrincipalType":"Group","RightName":"WriteOwner","IsInherited":false},{"PrincipalSID":"TIMELAPSE.HTB-S-1-5-32-544","PrincipalType":"Group","RightName":"GenericWrite","IsInherited":false},{"PrincipalSID":"S-1-5-21-671920749-559770252-3318990721-512","PrincipalType":"Group","RightName":"WriteDacl","IsInherited":false},{"PrincipalSID":"S-1-5-21-671920749-559770252-3318990721-512","PrincipalType":"Group","RightName":"WriteOwner","IsInherited":false},{"PrincipalSID":"S-1-5-21-671920749-559770252-3318990721-512","PrincipalType":"Group","RightName":"GenericWrite","IsInherited":false},{"PrincipalSID":"S-1-5-21-671920749-559770252-3318990721-519","PrincipalType":"Group","RightName":"WriteDacl","IsInherited":false},{"PrincipalSID":"S-1-5-21-671920749-559770252-3318990721-519","PrincipalType":"Group","RightName":"WriteOwner","IsInherited":false},{"PrincipalSID":"S-1-5-21-671920749-559770252-3318990721-519","PrincipalType":"Group","RightName":"GenericWrite","IsInherited":false}],"ObjectIdentifier":"S-1-5-21-671920749-559770252-3318990721-516","IsDeleted":false,"IsACLProtected":true,"Properties":{"domain":"TIMELAPSE.HTB","name":"DOMAIN CONTROLLERS@TIMELAPSE.HTB","distinguishedname":"CN=DOMAIN CONTROLLERS,CN=USERS,DC=TIMELAPSE,DC=HTB","domainsid":"S-1-5-21-671920749-559770252-3318990721","highvalue":true,"description":"All domain controllers in the domain","whencreated":1634989255,"admincount":true}},{"Members":[],"Aces":[{"PrincipalSID":"S-1-5-21-671920749-559770252-3318990721-512","PrincipalType":"Group","RightName":"Owns","IsInherited":false},{"PrincipalSID":"TIMELAPSE.HTB-S-1-5-32-548","PrincipalType":"Group","RightName":"GenericAll","IsInherited":false},{"PrincipalSID":"S-1-5-21-671920749-559770252-3318990721-512","PrincipalType":"Group","RightName":"GenericAll","IsInherited":false},{"PrincipalSID":"S-1-5-21-671920749-559770252-3318990721-519","PrincipalType":"Group","RightName":"GenericAll","IsInherited":true},{"PrincipalSID":"TIMELAPSE.HTB-S-1-5-32-544","PrincipalType":"Group","RightName":"WriteDacl","IsInherited":true},{"PrincipalSID":"TIMELAPSE.HTB-S-1-5-32-544","PrincipalType":"Group","RightName":"WriteOwner","IsInherited":true},{"PrincipalSID":"TIMELAPSE.HTB-S-1-5-32-544","PrincipalType":"Group","RightName":"GenericWrite","IsInherited":true}],"ObjectIdentifier":"S-1-5-21-671920749-559770252-3318990721-513","IsDeleted":false,"IsACLProtected":false,"Properties":{"domain":"TIMELAPSE.HTB","name":"DOMAIN USERS@TIMELAPSE.HTB","distinguishedname":"CN=DOMAIN USERS,CN=USERS,DC=TIMELAPSE,DC=HTB","domainsid":"S-1-5-21-671920749-559770252-3318990721","highvalue":false,"description":"All domain users","whencreated":1634989255,"admincount":false}},{"Members":[],"Aces":[{"PrincipalSID":"S-1-5-21-671920749-559770252-3318990721-512","PrincipalType":"Group","RightName":"Owns","IsInherited":false},{"PrincipalSID":"TIMELAPSE.HTB-S-1-5-32-548","PrincipalType":"Group","RightName":"GenericAll","IsInherited":false},{"PrincipalSID":"S-1-5-21-671920749-559770252-3318990721-512","PrincipalType":"Group","RightName":"GenericAll","IsInherited":false},{"PrincipalSID":"S-1-5-21-671920749-559770252-3318990721-519","PrincipalType":"Group","RightName":"GenericAll","IsInherited":true},{"PrincipalSID":"TIMELAPSE.HTB-S-1-5-32-544","PrincipalType":"Group","RightName":"WriteDacl","IsInherited":true},{"PrincipalSID":"TIMELAPSE.HTB-S-1-5-32-544","PrincipalType":"Group","RightName":"WriteOwner","IsInherited":true},{"PrincipalSID":"TIMELAPSE.HTB-S-1-5-32-544","PrincipalType":"Group","RightName":"GenericWrite","IsInherited":true}],"ObjectIdentifier":"S-1-5-21-671920749-559770252-3318990721-514","IsDeleted":false,"IsACLProtected":false,"Properties":{"domain":"TIMELAPSE.HTB","name":"DOMAIN GUESTS@TIMELAPSE.HTB","distinguishedname":"CN=DOMAIN GUESTS,CN=USERS,DC=TIMELAPSE,DC=HTB","domainsid":"S-1-5-21-671920749-559770252-3318990721","highvalue":false,"description":"All domain guests","whencreated":1634989255,"admincount":false}},{"Members":[],"Aces":[{"PrincipalSID":"TIMELAPSE.HTB-S-1-5-32-544","PrincipalType":"Group","RightName":"Owns","IsInherited":false},{"PrincipalSID":"TIMELAPSE.HTB-S-1-5-32-548","PrincipalType":"Group","RightName":"GenericAll","IsInherited":false},{"PrincipalSID":"S-1-5-21-671920749-559770252-3318990721-512","PrincipalType":"Group","RightName":"GenericAll","IsInherited":false},{"PrincipalSID":"S-1-5-21-671920749-559770252-3318990721-519","PrincipalType":"Group","RightName":"GenericAll","IsInherited":true},{"PrincipalSID":"TIMELAPSE.HTB-S-1-5-32-544","PrincipalType":"Group","RightName":"WriteDacl","IsInherited":true},{"PrincipalSID":"TIMELAPSE.HTB-S-1-5-32-544","PrincipalType":"Group","RightName":"WriteOwner","IsInherited":true},{"PrincipalSID":"TIMELAPSE.HTB-S-1-5-32-544","PrincipalType":"Group","RightName":"GenericWrite","IsInherited":true}],"ObjectIdentifier":"TIMELAPSE.HTB-S-1-5-32-562","IsDeleted":false,"IsACLProtected":false,"Properties":{"domain":"TIMELAPSE.HTB","name":"DISTRIBUTED COM USERS@TIMELAPSE.HTB","distinguishedname":"CN=DISTRIBUTED COM USERS,CN=BUILTIN,DC=TIMELAPSE,DC=HTB","domainsid":"S-1-5-21-671920749-559770252-3318990721","highvalue":false,"description":"Members are allowed to launch, activate and use Distributed COM objects on this machine.","whencreated":1634989207,"admincount":false}},{"Members":[],"Aces":[{"PrincipalSID":"TIMELAPSE.HTB-S-1-5-32-548","PrincipalType":"Group","RightName":"GenericAll","IsInherited":false},{"PrincipalSID":"S-1-5-21-671920749-559770252-3318990721-512","PrincipalType":"Group","RightName":"GenericAll","IsInherited":false},{"PrincipalSID":"S-1-5-21-671920749-559770252-3318990721-519","PrincipalType":"Group","RightName":"GenericAll","IsInherited":true},{"PrincipalSID":"TIMELAPSE.HTB-S-1-5-32-544","PrincipalType":"Group","RightName":"WriteDacl","IsInherited":true},{"PrincipalSID":"TIMELAPSE.HTB-S-1-5-32-544","PrincipalType":"Group","RightName":"WriteOwner","IsInherited":true},{"PrincipalSID":"TIMELAPSE.HTB-S-1-5-32-544","PrincipalType":"Group","RightName":"GenericWrite","IsInherited":true}],"ObjectIdentifier":"S-1-5-21-671920749-559770252-3318990721-1102","IsDeleted":false,"IsACLProtected":false,"Properties":{"domain":"TIMELAPSE.HTB","name":"DNSUPDATEPROXY@TIMELAPSE.HTB","distinguishedname":"CN=DNSUPDATEPROXY,CN=USERS,DC=TIMELAPSE,DC=HTB","domainsid":"S-1-5-21-671920749-559770252-3318990721","highvalue":false,"description":"DNS clients who are permitted to perform dynamic updates on behalf of some other clients (such as DHCP servers).","whencreated":1634989295,"admincount":false}},{"Members":[],"Aces":[{"PrincipalSID":"S-1-5-21-671920749-559770252-3318990721-512","PrincipalType":"Group","RightName":"Owns","IsInherited":false},{"PrincipalSID":"TIMELAPSE.HTB-S-1-5-32-548","PrincipalType":"Group","RightName":"GenericAll","IsInherited":false},{"PrincipalSID":"S-1-5-21-671920749-559770252-3318990721-512","PrincipalType":"Group","RightName":"GenericAll","IsInherited":false},{"PrincipalSID":"S-1-5-21-671920749-559770252-3318990721-519","PrincipalType":"Group","RightName":"GenericAll","IsInherited":true},{"PrincipalSID":"TIMELAPSE.HTB-S-1-5-32-544","PrincipalType":"Group","RightName":"WriteDacl","IsInherited":true},{"PrincipalSID":"TIMELAPSE.HTB-S-1-5-32-544","PrincipalType":"Group","RightName":"WriteOwner","IsInherited":true},{"PrincipalSID":"TIMELAPSE.HTB-S-1-5-32-544","PrincipalType":"Group","RightName":"GenericWrite","IsInherited":true}],"ObjectIdentifier":"S-1-5-21-671920749-559770252-3318990721-498","IsDeleted":false,"IsACLProtected":false,"Properties":{"domain":"TIMELAPSE.HTB","name":"ENTERPRISE READ-ONLY DOMAIN CONTROLLERS@TIMELAPSE.HTB","distinguishedname":"CN=ENTERPRISE READ-ONLY DOMAIN CONTROLLERS,CN=USERS,DC=TIMELAPSE,DC=HTB","domainsid":"S-1-5-21-671920749-559770252-3318990721","highvalue":false,"description":"Members of this group are Read-Only Domain Controllers in the enterprise","whencreated":1634989255,"admincount":false}},{"Members":[],"Aces":[{"PrincipalSID":"S-1-5-21-671920749-559770252-3318990721-512","PrincipalType":"Group","RightName":"Owns","IsInherited":false},{"PrincipalSID":"TIMELAPSE.HTB-S-1-5-32-548","PrincipalType":"Group","RightName":"GenericAll","IsInherited":false},{"PrincipalSID":"S-1-5-21-671920749-559770252-3318990721-512","PrincipalType":"Group","RightName":"GenericAll","IsInherited":false},{"PrincipalSID":"S-1-5-21-671920749-559770252-3318990721-519","PrincipalType":"Group","RightName":"GenericAll","IsInherited":true},{"PrincipalSID":"TIMELAPSE.HTB-S-1-5-32-544","PrincipalType":"Group","RightName":"WriteDacl","IsInherited":true},{"PrincipalSID":"TIMELAPSE.HTB-S-1-5-32-544","PrincipalType":"Group","RightName":"WriteOwner","IsInherited":true},{"PrincipalSID":"TIMELAPSE.HTB-S-1-5-32-544","PrincipalType":"Group","RightName":"GenericWrite","IsInherited":true}],"ObjectIdentifier":"TIMELAPSE.HTB-S-1-5-32-557","IsDeleted":false,"IsACLProtected":false,"Properties":{"domain":"TIMELAPSE.HTB","name":"INCOMING FOREST TRUST BUILDERS@TIMELAPSE.HTB","distinguishedname":"CN=INCOMING FOREST TRUST BUILDERS,CN=BUILTIN,DC=TIMELAPSE,DC=HTB","domainsid":"S-1-5-21-671920749-559770252-3318990721","highvalue":false,"description":"Members of this group can create incoming, one-way trusts to this forest","whencreated":1634989255,"admincount":false}},{"Members":[],"Aces":[{"PrincipalSID":"TIMELAPSE.HTB-S-1-5-32-544","PrincipalType":"Group","RightName":"Owns","IsInherited":false},{"PrincipalSID":"TIMELAPSE.HTB-S-1-5-32-548","PrincipalType":"Group","RightName":"GenericAll","IsInherited":false},{"PrincipalSID":"S-1-5-21-671920749-559770252-3318990721-512","PrincipalType":"Group","RightName":"GenericAll","IsInherited":false},{"PrincipalSID":"S-1-5-21-671920749-559770252-3318990721-519","PrincipalType":"Group","RightName":"GenericAll","IsInherited":true},{"PrincipalSID":"TIMELAPSE.HTB-S-1-5-32-544","PrincipalType":"Group","RightName":"WriteDacl","IsInherited":true},{"PrincipalSID":"TIMELAPSE.HTB-S-1-5-32-544","PrincipalType":"Group","RightName":"WriteOwner","IsInherited":true},{"PrincipalSID":"TIMELAPSE.HTB-S-1-5-32-544","PrincipalType":"Group","RightName":"GenericWrite","IsInherited":true}],"ObjectIdentifier":"TIMELAPSE.HTB-S-1-5-32-555","IsDeleted":false,"IsACLProtected":false,"Properties":{"domain":"TIMELAPSE.HTB","name":"REMOTE DESKTOP USERS@TIMELAPSE.HTB","distinguishedname":"CN=REMOTE DESKTOP USERS,CN=BUILTIN,DC=TIMELAPSE,DC=HTB","domainsid":"S-1-5-21-671920749-559770252-3318990721","highvalue":false,"description":"Members in this group are granted the right to logon remotely","whencreated":1634989207,"admincount":false}},{"Members":[{"ObjectIdentifier":"S-1-5-21-671920749-559770252-3318990721-514","ObjectType":"Group"},{"ObjectIdentifier":"S-1-5-21-671920749-559770252-3318990721-501","ObjectType":"User"}],"Aces":[{"PrincipalSID":"TIMELAPSE.HTB-S-1-5-32-544","PrincipalType":"Group","RightName":"Owns","IsInherited":false},{"PrincipalSID":"TIMELAPSE.HTB-S-1-5-32-548","PrincipalType":"Group","RightName":"GenericAll","IsInherited":false},{"PrincipalSID":"S-1-5-21-671920749-559770252-3318990721-512","PrincipalType":"Group","RightName":"GenericAll","IsInherited":false},{"PrincipalSID":"S-1-5-21-671920749-559770252-3318990721-519","PrincipalType":"Group","RightName":"GenericAll","IsInherited":true},{"PrincipalSID":"TIMELAPSE.HTB-S-1-5-32-544","PrincipalType":"Group","RightName":"WriteDacl","IsInherited":true},{"PrincipalSID":"TIMELAPSE.HTB-S-1-5-32-544","PrincipalType":"Group","RightName":"WriteOwner","IsInherited":true},{"PrincipalSID":"TIMELAPSE.HTB-S-1-5-32-544","PrincipalType":"Group","RightName":"GenericWrite","IsInherited":true}],"ObjectIdentifier":"TIMELAPSE.HTB-S-1-5-32-546","IsDeleted":false,"IsACLProtected":false,"Properties":{"domain":"TIMELAPSE.HTB","name":"GUESTS@TIMELAPSE.HTB","distinguishedname":"CN=GUESTS,CN=BUILTIN,DC=TIMELAPSE,DC=HTB","domainsid":"S-1-5-21-671920749-559770252-3318990721","highvalue":false,"description":"Guests have the same access as members of the Users group by default, except for the Guest account which is further restricted","whencreated":1634989207,"admincount":false}},{"Members":[],"Aces":[{"PrincipalSID":"TIMELAPSE.HTB-S-1-5-32-544","PrincipalType":"Group","RightName":"Owns","IsInherited":false},{"PrincipalSID":"TIMELAPSE.HTB-S-1-5-32-548","PrincipalType":"Group","RightName":"GenericAll","IsInherited":false},{"PrincipalSID":"S-1-5-21-671920749-559770252-3318990721-512","PrincipalType":"Group","RightName":"GenericAll","IsInherited":false},{"PrincipalSID":"S-1-5-21-671920749-559770252-3318990721-519","PrincipalType":"Group","RightName":"GenericAll","IsInherited":true},{"PrincipalSID":"TIMELAPSE.HTB-S-1-5-32-544","PrincipalType":"Group","RightName":"WriteDacl","IsInherited":true},{"PrincipalSID":"TIMELAPSE.HTB-S-1-5-32-544","PrincipalType":"Group","RightName":"WriteOwner","IsInherited":true},{"PrincipalSID":"TIMELAPSE.HTB-S-1-5-32-544","PrincipalType":"Group","RightName":"GenericWrite","IsInherited":true}],"ObjectIdentifier":"TIMELAPSE.HTB-S-1-5-32-573","IsDeleted":false,"IsACLProtected":false,"Properties":{"domain":"TIMELAPSE.HTB","name":"EVENT LOG READERS@TIMELAPSE.HTB","distinguishedname":"CN=EVENT LOG READERS,CN=BUILTIN,DC=TIMELAPSE,DC=HTB","domainsid":"S-1-5-21-671920749-559770252-3318990721","highvalue":false,"description":"Members of this group can read event logs from local machine","whencreated":1634989207,"admincount":false}},{"Members":[],"Aces":[{"PrincipalSID":"TIMELAPSE.HTB-S-1-5-32-544","PrincipalType":"Group","RightName":"Owns","IsInherited":false},{"PrincipalSID":"TIMELAPSE.HTB-S-1-5-32-548","PrincipalType":"Group","RightName":"GenericAll","IsInherited":false},{"PrincipalSID":"S-1-5-21-671920749-559770252-3318990721-512","PrincipalType":"Group","RightName":"GenericAll","IsInherited":false},{"PrincipalSID":"S-1-5-21-671920749-559770252-3318990721-519","PrincipalType":"Group","RightName":"GenericAll","IsInherited":true},{"PrincipalSID":"TIMELAPSE.HTB-S-1-5-32-544","PrincipalType":"Group","RightName":"WriteDacl","IsInherited":true},{"PrincipalSID":"TIMELAPSE.HTB-S-1-5-32-544","PrincipalType":"Group","RightName":"WriteOwner","IsInherited":true},{"PrincipalSID":"TIMELAPSE.HTB-S-1-5-32-544","PrincipalType":"Group","RightName":"GenericWrite","IsInherited":true}],"ObjectIdentifier":"TIMELAPSE.HTB-S-1-5-32-577","IsDeleted":false,"IsACLProtected":false,"Properties":{"domain":"TIMELAPSE.HTB","name":"RDS MANAGEMENT SERVERS@TIMELAPSE.HTB","distinguishedname":"CN=RDS MANAGEMENT SERVERS,CN=BUILTIN,DC=TIMELAPSE,DC=HTB","domainsid":"S-1-5-21-671920749-559770252-3318990721","highvalue":false,"description":"Servers in this group can perform routine administrative actions on servers running Remote Desktop Services. This group needs to be populated on all servers in a Remote Desktop Services deployment. The servers running the RDS Central Management service must be included in this group.","whencreated":1634989207,"admincount":false}},{"Members":[],"Aces":[{"PrincipalSID":"TIMELAPSE.HTB-S-1-5-32-544","PrincipalType":"Group","RightName":"Owns","IsInherited":false},{"PrincipalSID":"TIMELAPSE.HTB-S-1-5-32-548","PrincipalType":"Group","RightName":"GenericAll","IsInherited":false},{"PrincipalSID":"S-1-5-21-671920749-559770252-3318990721-512","PrincipalType":"Group","RightName":"GenericAll","IsInherited":false},{"PrincipalSID":"S-1-5-21-671920749-559770252-3318990721-519","PrincipalType":"Group","RightName":"GenericAll","IsInherited":true},{"PrincipalSID":"TIMELAPSE.HTB-S-1-5-32-544","PrincipalType":"Group","RightName":"WriteDacl","IsInherited":true},{"PrincipalSID":"TIMELAPSE.HTB-S-1-5-32-544","PrincipalType":"Group","RightName":"WriteOwner","IsInherited":true},{"PrincipalSID":"TIMELAPSE.HTB-S-1-5-32-544","PrincipalType":"Group","RightName":"GenericWrite","IsInherited":true}],"ObjectIdentifier":"S-1-5-32-582","IsDeleted":false,"IsACLProtected":false,"Properties":{"domain":"TIMELAPSE.HTB","name":"STORAGE REPLICA ADMINISTRATORS@TIMELAPSE.HTB","distinguishedname":"CN=STORAGE REPLICA ADMINISTRATORS,CN=BUILTIN,DC=TIMELAPSE,DC=HTB","domainsid":"S-1-5-21-671920749-559770252-3318990721","highvalue":false,"description":"Members of this group have complete and unrestricted access to all features of Storage Replica.","whencreated":1634989207,"admincount":false}},{"Members":[],"Aces":[{"PrincipalSID":"TIMELAPSE.HTB-S-1-5-32-544","PrincipalType":"Group","RightName":"Owns","IsInherited":false},{"PrincipalSID":"TIMELAPSE.HTB-S-1-5-32-548","PrincipalType":"Group","RightName":"GenericAll","IsInherited":false},{"PrincipalSID":"S-1-5-21-671920749-559770252-3318990721-512","PrincipalType":"Group","RightName":"GenericAll","IsInherited":false},{"PrincipalSID":"S-1-5-21-671920749-559770252-3318990721-519","PrincipalType":"Group","RightName":"GenericAll","IsInherited":true},{"PrincipalSID":"TIMELAPSE.HTB-S-1-5-32-544","PrincipalType":"Group","RightName":"WriteDacl","IsInherited":true},{"PrincipalSID":"TIMELAPSE.HTB-S-1-5-32-544","PrincipalType":"Group","RightName":"WriteOwner","IsInherited":true},{"PrincipalSID":"TIMELAPSE.HTB-S-1-5-32-544","PrincipalType":"Group","RightName":"GenericWrite","IsInherited":true}],"ObjectIdentifier":"TIMELAPSE.HTB-S-1-5-32-579","IsDeleted":false,"IsACLProtected":false,"Properties":{"domain":"TIMELAPSE.HTB","name":"ACCESS CONTROL ASSISTANCE OPERATORS@TIMELAPSE.HTB","distinguishedname":"CN=ACCESS CONTROL ASSISTANCE OPERATORS,CN=BUILTIN,DC=TIMELAPSE,DC=HTB","domainsid":"S-1-5-21-671920749-559770252-3318990721","highvalue":false,"description":"Members of this group can remotely query authorization attributes and permissions for resources on this computer.","whencreated":1634989207,"admincount":false}},{"Members":[],"Aces":[{"PrincipalSID":"TIMELAPSE.HTB-S-1-5-32-544","PrincipalType":"Group","RightName":"Owns","IsInherited":false},{"PrincipalSID":"TIMELAPSE.HTB-S-1-5-32-548","PrincipalType":"Group","RightName":"GenericAll","IsInherited":false},{"PrincipalSID":"S-1-5-21-671920749-559770252-3318990721-512","PrincipalType":"Group","RightName":"GenericAll","IsInherited":false},{"PrincipalSID":"S-1-5-21-671920749-559770252-3318990721-519","PrincipalType":"Group","RightName":"GenericAll","IsInherited":true},{"PrincipalSID":"TIMELAPSE.HTB-S-1-5-32-544","PrincipalType":"Group","RightName":"WriteDacl","IsInherited":true},{"PrincipalSID":"TIMELAPSE.HTB-S-1-5-32-544","PrincipalType":"Group","RightName":"WriteOwner","IsInherited":true},{"PrincipalSID":"TIMELAPSE.HTB-S-1-5-32-544","PrincipalType":"Group","RightName":"GenericWrite","IsInherited":true}],"ObjectIdentifier":"TIMELAPSE.HTB-S-1-5-32-574","IsDeleted":false,"IsACLProtected":false,"Properties":{"domain":"TIMELAPSE.HTB","name":"CERTIFICATE SERVICE DCOM ACCESS@TIMELAPSE.HTB","distinguishedname":"CN=CERTIFICATE SERVICE DCOM ACCESS,CN=BUILTIN,DC=TIMELAPSE,DC=HTB","domainsid":"S-1-5-21-671920749-559770252-3318990721","highvalue":false,"description":"Members of this group are allowed to connect to Certification Authorities in the enterprise","whencreated":1634989207,"admincount":false}},{"Members":[],"Aces":[{"PrincipalSID":"S-1-5-21-671920749-559770252-3318990721-512","PrincipalType":"Group","RightName":"Owns","IsInherited":false},{"PrincipalSID":"TIMELAPSE.HTB-S-1-5-32-544","PrincipalType":"Group","RightName":"WriteDacl","IsInherited":false},{"PrincipalSID":"TIMELAPSE.HTB-S-1-5-32-544","PrincipalType":"Group","RightName":"WriteOwner","IsInherited":false},{"PrincipalSID":"TIMELAPSE.HTB-S-1-5-32-544","PrincipalType":"Group","RightName":"GenericWrite","IsInherited":false},{"PrincipalSID":"S-1-5-21-671920749-559770252-3318990721-512","PrincipalType":"Group","RightName":"WriteDacl","IsInherited":false},{"PrincipalSID":"S-1-5-21-671920749-559770252-3318990721-512","PrincipalType":"Group","RightName":"WriteOwner","IsInherited":false},{"PrincipalSID":"S-1-5-21-671920749-559770252-3318990721-512","PrincipalType":"Group","RightName":"GenericWrite","IsInherited":false},{"PrincipalSID":"S-1-5-21-671920749-559770252-3318990721-519","PrincipalType":"Group","RightName":"WriteDacl","IsInherited":false},{"PrincipalSID":"S-1-5-21-671920749-559770252-3318990721-519","PrincipalType":"Group","RightName":"WriteOwner","IsInherited":false},{"PrincipalSID":"S-1-5-21-671920749-559770252-3318990721-519","PrincipalType":"Group","RightName":"GenericWrite","IsInherited":false}],"ObjectIdentifier":"S-1-5-21-671920749-559770252-3318990721-526","IsDeleted":false,"IsACLProtected":true,"Properties":{"domain":"TIMELAPSE.HTB","name":"KEY ADMINS@TIMELAPSE.HTB","distinguishedname":"CN=KEY ADMINS,CN=USERS,DC=TIMELAPSE,DC=HTB","domainsid":"S-1-5-21-671920749-559770252-3318990721","highvalue":false,"description":"Members of this group can perform administrative actions on key objects within the domain.","whencreated":1634989255,"admincount":true}},{"Members":[],"Aces":[{"PrincipalSID":"TIMELAPSE.HTB-S-1-5-32-544","PrincipalType":"Group","RightName":"Owns","IsInherited":false},{"PrincipalSID":"TIMELAPSE.HTB-S-1-5-32-548","PrincipalType":"Group","RightName":"GenericAll","IsInherited":false},{"PrincipalSID":"S-1-5-21-671920749-559770252-3318990721-512","PrincipalType":"Group","RightName":"GenericAll","IsInherited":false},{"PrincipalSID":"S-1-5-21-671920749-559770252-3318990721-519","PrincipalType":"Group","RightName":"GenericAll","IsInherited":true},{"PrincipalSID":"TIMELAPSE.HTB-S-1-5-32-544","PrincipalType":"Group","RightName":"WriteDacl","IsInherited":true},{"PrincipalSID":"TIMELAPSE.HTB-S-1-5-32-544","PrincipalType":"Group","RightName":"WriteOwner","IsInherited":true},{"PrincipalSID":"TIMELAPSE.HTB-S-1-5-32-544","PrincipalType":"Group","RightName":"GenericWrite","IsInherited":true}],"ObjectIdentifier":"TIMELAPSE.HTB-S-1-5-32-559","IsDeleted":false,"IsACLProtected":false,"Properties":{"domain":"TIMELAPSE.HTB","name":"PERFORMANCE LOG USERS@TIMELAPSE.HTB","distinguishedname":"CN=PERFORMANCE LOG USERS,CN=BUILTIN,DC=TIMELAPSE,DC=HTB","domainsid":"S-1-5-21-671920749-559770252-3318990721","highvalue":false,"description":"Members of this group may schedule logging of performance counters, enable trace providers, and collect event traces both locally and via remote access to this computer","whencreated":1634989207,"admincount":false}},{"Members":[],"Aces":[{"PrincipalSID":"TIMELAPSE.HTB-S-1-5-32-544","PrincipalType":"Group","RightName":"Owns","IsInherited":false},{"PrincipalSID":"TIMELAPSE.HTB-S-1-5-32-548","PrincipalType":"Group","RightName":"GenericAll","IsInherited":false},{"PrincipalSID":"S-1-5-21-671920749-559770252-3318990721-512","PrincipalType":"Group","RightName":"GenericAll","IsInherited":false},{"PrincipalSID":"S-1-5-21-671920749-559770252-3318990721-519","PrincipalType":"Group","RightName":"GenericAll","IsInherited":true},{"PrincipalSID":"TIMELAPSE.HTB-S-1-5-32-544","PrincipalType":"Group","RightName":"WriteDacl","IsInherited":true},{"PrincipalSID":"TIMELAPSE.HTB-S-1-5-32-544","PrincipalType":"Group","RightName":"WriteOwner","IsInherited":true},{"PrincipalSID":"TIMELAPSE.HTB-S-1-5-32-544","PrincipalType":"Group","RightName":"GenericWrite","IsInherited":true}],"ObjectIdentifier":"TIMELAPSE.HTB-S-1-5-32-578","IsDeleted":false,"IsACLProtected":false,"Properties":{"domain":"TIMELAPSE.HTB","name":"HYPER-V ADMINISTRATORS@TIMELAPSE.HTB","distinguishedname":"CN=HYPER-V ADMINISTRATORS,CN=BUILTIN,DC=TIMELAPSE,DC=HTB","domainsid":"S-1-5-21-671920749-559770252-3318990721","highvalue":false,"description":"Members of this group have complete and unrestricted access to all features of Hyper-V.","whencreated":1634989207,"admincount":false}},{"Members":[{"ObjectIdentifier":"TIMELAPSE.HTB-S-1-5-17","ObjectType":"Group"}],"Aces":[{"PrincipalSID":"TIMELAPSE.HTB-S-1-5-32-544","PrincipalType":"Group","RightName":"Owns","IsInherited":false},{"PrincipalSID":"TIMELAPSE.HTB-S-1-5-32-548","PrincipalType":"Group","RightName":"GenericAll","IsInherited":false},{"PrincipalSID":"S-1-5-21-671920749-559770252-3318990721-512","PrincipalType":"Group","RightName":"GenericAll","IsInherited":false},{"PrincipalSID":"S-1-5-21-671920749-559770252-3318990721-519","PrincipalType":"Group","RightName":"GenericAll","IsInherited":true},{"PrincipalSID":"TIMELAPSE.HTB-S-1-5-32-544","PrincipalType":"Group","RightName":"WriteDacl","IsInherited":true},{"PrincipalSID":"TIMELAPSE.HTB-S-1-5-32-544","PrincipalType":"Group","RightName":"WriteOwner","IsInherited":true},{"PrincipalSID":"TIMELAPSE.HTB-S-1-5-32-544","PrincipalType":"Group","RightName":"GenericWrite","IsInherited":true}],"ObjectIdentifier":"TIMELAPSE.HTB-S-1-5-32-568","IsDeleted":false,"IsACLProtected":false,"Properties":{"domain":"TIMELAPSE.HTB","name":"IIS_IUSRS@TIMELAPSE.HTB","distinguishedname":"CN=IIS_IUSRS,CN=BUILTIN,DC=TIMELAPSE,DC=HTB","domainsid":"S-1-5-21-671920749-559770252-3318990721","highvalue":false,"description":"Built-in group used by Internet Information Services.","whencreated":1634989207,"admincount":false}},{"Members":[],"Aces":[{"PrincipalSID":"S-1-5-21-671920749-559770252-3318990721-512","PrincipalType":"Group","RightName":"Owns","IsInherited":false},{"PrincipalSID":"TIMELAPSE.HTB-S-1-5-32-544","PrincipalType":"Group","RightName":"WriteDacl","IsInherited":false},{"PrincipalSID":"TIMELAPSE.HTB-S-1-5-32-544","PrincipalType":"Group","RightName":"WriteOwner","IsInherited":false},{"PrincipalSID":"TIMELAPSE.HTB-S-1-5-32-544","PrincipalType":"Group","RightName":"GenericWrite","IsInherited":false},{"PrincipalSID":"S-1-5-21-671920749-559770252-3318990721-512","PrincipalType":"Group","RightName":"WriteDacl","IsInherited":false},{"PrincipalSID":"S-1-5-21-671920749-559770252-3318990721-512","PrincipalType":"Group","RightName":"WriteOwner","IsInherited":false},{"PrincipalSID":"S-1-5-21-671920749-559770252-3318990721-512","PrincipalType":"Group","RightName":"GenericWrite","IsInherited":false},{"PrincipalSID":"S-1-5-21-671920749-559770252-3318990721-519","PrincipalType":"Group","RightName":"WriteDacl","IsInherited":false},{"PrincipalSID":"S-1-5-21-671920749-559770252-3318990721-519","PrincipalType":"Group","RightName":"WriteOwner","IsInherited":false},{"PrincipalSID":"S-1-5-21-671920749-559770252-3318990721-519","PrincipalType":"Group","RightName":"GenericWrite","IsInherited":false}],"ObjectIdentifier":"TIMELAPSE.HTB-S-1-5-32-551","IsDeleted":false,"IsACLProtected":true,"Properties":{"domain":"TIMELAPSE.HTB","name":"BACKUP OPERATORS@TIMELAPSE.HTB","distinguishedname":"CN=BACKUP OPERATORS,CN=BUILTIN,DC=TIMELAPSE,DC=HTB","domainsid":"S-1-5-21-671920749-559770252-3318990721","highvalue":true,"description":"Backup Operators can override security restrictions for the sole purpose of backing up or restoring files","whencreated":1634989207,"admincount":true}},{"Members":[],"Aces":[{"PrincipalSID":"S-1-5-21-671920749-559770252-3318990721-512","PrincipalType":"Group","RightName":"Owns","IsInherited":false},{"PrincipalSID":"TIMELAPSE.HTB-S-1-5-32-548","PrincipalType":"Group","RightName":"GenericAll","IsInherited":false},{"PrincipalSID":"S-1-5-21-671920749-559770252-3318990721-512","PrincipalType":"Group","RightName":"GenericAll","IsInherited":false},{"PrincipalSID":"S-1-5-21-671920749-559770252-3318990721-519","PrincipalType":"Group","RightName":"GenericAll","IsInherited":true},{"PrincipalSID":"TIMELAPSE.HTB-S-1-5-32-544","PrincipalType":"Group","RightName":"WriteDacl","IsInherited":true},{"PrincipalSID":"TIMELAPSE.HTB-S-1-5-32-544","PrincipalType":"Group","RightName":"WriteOwner","IsInherited":true},{"PrincipalSID":"TIMELAPSE.HTB-S-1-5-32-544","PrincipalType":"Group","RightName":"GenericWrite","IsInherited":true}],"ObjectIdentifier":"S-1-5-21-671920749-559770252-3318990721-553","IsDeleted":false,"IsACLProtected":false,"Properties":{"domain":"TIMELAPSE.HTB","name":"RAS AND IAS SERVERS@TIMELAPSE.HTB","distinguishedname":"CN=RAS AND IAS SERVERS,CN=USERS,DC=TIMELAPSE,DC=HTB","domainsid":"S-1-5-21-671920749-559770252-3318990721","highvalue":false,"description":"Servers in this group can access remote access properties of users","whencreated":1634989255,"admincount":false}},{"Members":[],"Aces":[{"PrincipalSID":"S-1-5-21-671920749-559770252-3318990721-512","PrincipalType":"Group","RightName":"Owns","IsInherited":false},{"PrincipalSID":"TIMELAPSE.HTB-S-1-5-32-544","PrincipalType":"Group","RightName":"WriteDacl","IsInherited":false},{"PrincipalSID":"TIMELAPSE.HTB-S-1-5-32-544","PrincipalType":"Group","RightName":"WriteOwner","IsInherited":false},{"PrincipalSID":"TIMELAPSE.HTB-S-1-5-32-544","PrincipalType":"Group","RightName":"GenericWrite","IsInherited":false},{"PrincipalSID":"S-1-5-21-671920749-559770252-3318990721-512","PrincipalType":"Group","RightName":"WriteDacl","IsInherited":false},{"PrincipalSID":"S-1-5-21-671920749-559770252-3318990721-512","PrincipalType":"Group","RightName":"WriteOwner","IsInherited":false},{"PrincipalSID":"S-1-5-21-671920749-559770252-3318990721-512","PrincipalType":"Group","RightName":"GenericWrite","IsInherited":false},{"PrincipalSID":"S-1-5-21-671920749-559770252-3318990721-519","PrincipalType":"Group","RightName":"WriteDacl","IsInherited":false},{"PrincipalSID":"S-1-5-21-671920749-559770252-3318990721-519","PrincipalType":"Group","RightName":"WriteOwner","IsInherited":false},{"PrincipalSID":"S-1-5-21-671920749-559770252-3318990721-519","PrincipalType":"Group","RightName":"GenericWrite","IsInherited":false}],"ObjectIdentifier":"S-1-5-21-671920749-559770252-3318990721-521","IsDeleted":false,"IsACLProtected":true,"Properties":{"domain":"TIMELAPSE.HTB","name":"READ-ONLY DOMAIN CONTROLLERS@TIMELAPSE.HTB","distinguishedname":"CN=READ-ONLY DOMAIN CONTROLLERS,CN=USERS,DC=TIMELAPSE,DC=HTB","domainsid":"S-1-5-21-671920749-559770252-3318990721","highvalue":false,"description":"Members of this group are Read-Only Domain Controllers in the domain","whencreated":1634989255,"admincount":true}},{"Members":[{"ObjectIdentifier":"S-1-5-21-671920749-559770252-3318990721-5101","ObjectType":"User"},{"ObjectIdentifier":"S-1-5-21-671920749-559770252-3318990721-1602","ObjectType":"User"},{"ObjectIdentifier":"S-1-5-21-671920749-559770252-3318990721-1601","ObjectType":"User"},{"ObjectIdentifier":"S-1-5-21-671920749-559770252-3318990721-500","ObjectType":"User"}],"Aces":[{"PrincipalSID":"S-1-5-21-671920749-559770252-3318990721-512","PrincipalType":"Group","RightName":"Owns","IsInherited":false},{"PrincipalSID":"TIMELAPSE.HTB-S-1-5-32-544","PrincipalType":"Group","RightName":"WriteDacl","IsInherited":false},{"PrincipalSID":"TIMELAPSE.HTB-S-1-5-32-544","PrincipalType":"Group","RightName":"WriteOwner","IsInherited":false},{"PrincipalSID":"TIMELAPSE.HTB-S-1-5-32-544","PrincipalType":"Group","RightName":"GenericWrite","IsInherited":false},{"PrincipalSID":"S-1-5-21-671920749-559770252-3318990721-512","PrincipalType":"Group","RightName":"WriteDacl","IsInherited":false},{"PrincipalSID":"S-1-5-21-671920749-559770252-3318990721-512","PrincipalType":"Group","RightName":"WriteOwner","IsInherited":false},{"PrincipalSID":"S-1-5-21-671920749-559770252-3318990721-512","PrincipalType":"Group","RightName":"GenericWrite","IsInherited":false},{"PrincipalSID":"S-1-5-21-671920749-559770252-3318990721-519","PrincipalType":"Group","RightName":"WriteDacl","IsInherited":false},{"PrincipalSID":"S-1-5-21-671920749-559770252-3318990721-519","PrincipalType":"Group","RightName":"WriteOwner","IsInherited":false},{"PrincipalSID":"S-1-5-21-671920749-559770252-3318990721-519","PrincipalType":"Group","RightName":"GenericWrite","IsInherited":false}],"ObjectIdentifier":"S-1-5-21-671920749-559770252-3318990721-512","IsDeleted":false,"IsACLProtected":true,"Properties":{"domain":"TIMELAPSE.HTB","name":"DOMAIN ADMINS@TIMELAPSE.HTB","distinguishedname":"CN=DOMAIN ADMINS,CN=USERS,DC=TIMELAPSE,DC=HTB","domainsid":"S-1-5-21-671920749-559770252-3318990721","highvalue":true,"description":"Designated administrators of the domain","whencreated":1634989255,"admincount":true}},{"Members":[],"Aces":[{"PrincipalSID":"TIMELAPSE.HTB-S-1-5-32-544","PrincipalType":"Group","RightName":"Owns","IsInherited":false},{"PrincipalSID":"TIMELAPSE.HTB-S-1-5-32-548","PrincipalType":"Group","RightName":"GenericAll","IsInherited":false},{"PrincipalSID":"S-1-5-21-671920749-559770252-3318990721-512","PrincipalType":"Group","RightName":"GenericAll","IsInherited":false},{"PrincipalSID":"S-1-5-21-671920749-559770252-3318990721-519","PrincipalType":"Group","RightName":"GenericAll","IsInherited":true},{"PrincipalSID":"TIMELAPSE.HTB-S-1-5-32-544","PrincipalType":"Group","RightName":"WriteDacl","IsInherited":true},{"PrincipalSID":"TIMELAPSE.HTB-S-1-5-32-544","PrincipalType":"Group","RightName":"WriteOwner","IsInherited":true},{"PrincipalSID":"TIMELAPSE.HTB-S-1-5-32-544","PrincipalType":"Group","RightName":"GenericWrite","IsInherited":true}],"ObjectIdentifier":"TIMELAPSE.HTB-S-1-5-32-576","IsDeleted":false,"IsACLProtected":false,"Properties":{"domain":"TIMELAPSE.HTB","name":"RDS ENDPOINT SERVERS@TIMELAPSE.HTB","distinguishedname":"CN=RDS ENDPOINT SERVERS,CN=BUILTIN,DC=TIMELAPSE,DC=HTB","domainsid":"S-1-5-21-671920749-559770252-3318990721","highvalue":false,"description":"Servers in this group run virtual machines and host sessions where users RemoteApp programs and personal virtual desktops run. This group needs to be populated on servers running RD Connection Broker. RD Session Host servers and RD Virtualization Host servers used in the deployment need to be in this group.","whencreated":1634989207,"admincount":false}},{"Members":[{"ObjectIdentifier":"TIMELAPSE.HTB-S-1-5-9","ObjectType":"Group"}],"Aces":[{"PrincipalSID":"S-1-5-21-671920749-559770252-3318990721-512","PrincipalType":"Group","RightName":"Owns","IsInherited":false},{"PrincipalSID":"TIMELAPSE.HTB-S-1-5-32-548","PrincipalType":"Group","RightName":"GenericAll","IsInherited":false},{"PrincipalSID":"S-1-5-21-671920749-559770252-3318990721-512","PrincipalType":"Group","RightName":"GenericAll","IsInherited":false},{"PrincipalSID":"S-1-5-21-671920749-559770252-3318990721-519","PrincipalType":"Group","RightName":"GenericAll","IsInherited":true},{"PrincipalSID":"TIMELAPSE.HTB-S-1-5-32-544","PrincipalType":"Group","RightName":"WriteDacl","IsInherited":true},{"PrincipalSID":"TIMELAPSE.HTB-S-1-5-32-544","PrincipalType":"Group","RightName":"WriteOwner","IsInherited":true},{"PrincipalSID":"TIMELAPSE.HTB-S-1-5-32-544","PrincipalType":"Group","RightName":"GenericWrite","IsInherited":true}],"ObjectIdentifier":"TIMELAPSE.HTB-S-1-5-32-560","IsDeleted":false,"IsACLProtected":false,"Properties":{"domain":"TIMELAPSE.HTB","name":"WINDOWS AUTHORIZATION ACCESS GROUP@TIMELAPSE.HTB","distinguishedname":"CN=WINDOWS AUTHORIZATION ACCESS GROUP,CN=BUILTIN,DC=TIMELAPSE,DC=HTB","domainsid":"S-1-5-21-671920749-559770252-3318990721","highvalue":false,"description":"Members of this group have access to the computed tokenGroupsGlobalAndUniversal attribute on User objects","whencreated":1634989255,"admincount":false}},{"Members":[],"Aces":[{"PrincipalSID":"S-1-5-21-671920749-559770252-3318990721-512","PrincipalType":"Group","RightName":"Owns","IsInherited":false},{"PrincipalSID":"TIMELAPSE.HTB-S-1-5-32-548","PrincipalType":"Group","RightName":"GenericAll","IsInherited":false},{"PrincipalSID":"S-1-5-21-671920749-559770252-3318990721-512","PrincipalType":"Group","RightName":"GenericAll","IsInherited":false},{"PrincipalSID":"S-1-5-21-671920749-559770252-3318990721-519","PrincipalType":"Group","RightName":"GenericAll","IsInherited":true},{"PrincipalSID":"TIMELAPSE.HTB-S-1-5-32-544","PrincipalType":"Group","RightName":"WriteDacl","IsInherited":true},{"PrincipalSID":"TIMELAPSE.HTB-S-1-5-32-544","PrincipalType":"Group","RightName":"WriteOwner","IsInherited":true},{"PrincipalSID":"TIMELAPSE.HTB-S-1-5-32-544","PrincipalType":"Group","RightName":"GenericWrite","IsInherited":true}],"ObjectIdentifier":"S-1-5-21-671920749-559770252-3318990721-517","IsDeleted":false,"IsACLProtected":false,"Properties":{"domain":"TIMELAPSE.HTB","name":"CERT PUBLISHERS@TIMELAPSE.HTB","distinguishedname":"CN=CERT PUBLISHERS,CN=USERS,DC=TIMELAPSE,DC=HTB","domainsid":"S-1-5-21-671920749-559770252-3318990721","highvalue":false,"description":"Members of this group are permitted to publish certificates to the directory","whencreated":1634989255,"admincount":false}},{"Members":[{"ObjectIdentifier":"S-1-5-21-671920749-559770252-3318990721-513","ObjectType":"Group"},{"ObjectIdentifier":"TIMELAPSE.HTB-S-1-5-11","ObjectType":"Group"},{"ObjectIdentifier":"TIMELAPSE.HTB-S-1-5-4","ObjectType":"Group"}],"Aces":[{"PrincipalSID":"TIMELAPSE.HTB-S-1-5-32-544","PrincipalType":"Group","RightName":"Owns","IsInherited":false},{"PrincipalSID":"TIMELAPSE.HTB-S-1-5-32-548","PrincipalType":"Group","RightName":"GenericAll","IsInherited":false},{"PrincipalSID":"S-1-5-21-671920749-559770252-3318990721-512","PrincipalType":"Group","RightName":"GenericAll","IsInherited":false},{"PrincipalSID":"S-1-5-21-671920749-559770252-3318990721-519","PrincipalType":"Group","RightName":"GenericAll","IsInherited":true},{"PrincipalSID":"TIMELAPSE.HTB-S-1-5-32-544","PrincipalType":"Group","RightName":"WriteDacl","IsInherited":true},{"PrincipalSID":"TIMELAPSE.HTB-S-1-5-32-544","PrincipalType":"Group","RightName":"WriteOwner","IsInherited":true},{"PrincipalSID":"TIMELAPSE.HTB-S-1-5-32-544","PrincipalType":"Group","RightName":"GenericWrite","IsInherited":true}],"ObjectIdentifier":"TIMELAPSE.HTB-S-1-5-32-545","IsDeleted":false,"IsACLProtected":false,"Properties":{"domain":"TIMELAPSE.HTB","name":"USERS@TIMELAPSE.HTB","distinguishedname":"CN=USERS,CN=BUILTIN,DC=TIMELAPSE,DC=HTB","domainsid":"S-1-5-21-671920749-559770252-3318990721","highvalue":false,"description":"Users are prevented from making accidental or intentional system-wide changes and can run most applications","whencreated":1634989207,"admincount":false}},{"Members":[{"ObjectIdentifier":"TIMELAPSE.HTB-S-1-5-11","ObjectType":"Group"}],"Aces":[{"PrincipalSID":"S-1-5-21-671920749-559770252-3318990721-512","PrincipalType":"Group","RightName":"Owns","IsInherited":false},{"PrincipalSID":"TIMELAPSE.HTB-S-1-5-32-548","PrincipalType":"Group","RightName":"GenericAll","IsInherited":false},{"PrincipalSID":"S-1-5-21-671920749-559770252-3318990721-512","PrincipalType":"Group","RightName":"GenericAll","IsInherited":false},{"PrincipalSID":"S-1-5-21-671920749-559770252-3318990721-519","PrincipalType":"Group","RightName":"GenericAll","IsInherited":true},{"PrincipalSID":"TIMELAPSE.HTB-S-1-5-32-544","PrincipalType":"Group","RightName":"WriteDacl","IsInherited":true},{"PrincipalSID":"TIMELAPSE.HTB-S-1-5-32-544","PrincipalType":"Group","RightName":"WriteOwner","IsInherited":true},{"PrincipalSID":"TIMELAPSE.HTB-S-1-5-32-544","PrincipalType":"Group","RightName":"GenericWrite","IsInherited":true}],"ObjectIdentifier":"TIMELAPSE.HTB-S-1-5-32-554","IsDeleted":false,"IsACLProtected":false,"Properties":{"domain":"TIMELAPSE.HTB","name":"PRE-WINDOWS 2000 COMPATIBLE ACCESS@TIMELAPSE.HTB","distinguishedname":"CN=PRE-WINDOWS 2000 COMPATIBLE ACCESS,CN=BUILTIN,DC=TIMELAPSE,DC=HTB","domainsid":"S-1-5-21-671920749-559770252-3318990721","highvalue":false,"description":"A backward compatibility group which allows read access on all users and groups in the domain","whencreated":1634989255,"admincount":false}},{"Members":[],"Aces":[{"PrincipalSID":"TIMELAPSE.HTB-S-1-5-32-544","PrincipalType":"Group","RightName":"Owns","IsInherited":false},{"PrincipalSID":"TIMELAPSE.HTB-S-1-5-32-548","PrincipalType":"Group","RightName":"GenericAll","IsInherited":false},{"PrincipalSID":"S-1-5-21-671920749-559770252-3318990721-512","PrincipalType":"Group","RightName":"GenericAll","IsInherited":false},{"PrincipalSID":"S-1-5-21-671920749-559770252-3318990721-519","PrincipalType":"Group","RightName":"GenericAll","IsInherited":true},{"PrincipalSID":"TIMELAPSE.HTB-S-1-5-32-544","PrincipalType":"Group","RightName":"WriteDacl","IsInherited":true},{"PrincipalSID":"TIMELAPSE.HTB-S-1-5-32-544","PrincipalType":"Group","RightName":"WriteOwner","IsInherited":true},{"PrincipalSID":"TIMELAPSE.HTB-S-1-5-32-544","PrincipalType":"Group","RightName":"GenericWrite","IsInherited":true}],"ObjectIdentifier":"TIMELAPSE.HTB-S-1-5-32-569","IsDeleted":false,"IsACLProtected":false,"Properties":{"domain":"TIMELAPSE.HTB","name":"CRYPTOGRAPHIC OPERATORS@TIMELAPSE.HTB","distinguishedname":"CN=CRYPTOGRAPHIC OPERATORS,CN=BUILTIN,DC=TIMELAPSE,DC=HTB","domainsid":"S-1-5-21-671920749-559770252-3318990721","highvalue":false,"description":"Members are authorized to perform cryptographic operations.","whencreated":1634989207,"admincount":false}},{"Members":[],"Aces":[],"ObjectIdentifier":"TIMELAPSE.HTB-S-1-5-32-550","IsDeleted":false,"IsACLProtected":false,"Properties":{"name":"PRINT OPERATORS@TIMELAPSE.HTB","domainsid":"S-1-5-21-671920749-559770252-3318990721","domain":"TIMELAPSE.HTB"}},{"Members":[],"Aces":[],"ObjectIdentifier":"TIMELAPSE.HTB-S-1-5-17","IsDeleted":false,"IsACLProtected":false,"Properties":{"name":"THIS ORGANIZATION @TIMELAPSE.HTB","domainsid":"S-1-5-21-671920749-559770252-3318990721","domain":"TIMELAPSE.HTB"}},{"Members":[],"Aces":[],"ObjectIdentifier":"TIMELAPSE.HTB-S-1-5-9","IsDeleted":false,"IsACLProtected":false,"Properties":{"name":"ENTERPRISE DOMAIN CONTROLLERS@TIMELAPSE.HTB","domainsid":"S-1-5-21-671920749-559770252-3318990721","domain":"TIMELAPSE.HTB"}},{"Members":[],"Aces":[],"ObjectIdentifier":"TIMELAPSE.HTB-S-1-5-11","IsDeleted":false,"IsACLProtected":false,"Properties":{"name":"AUTHENTICATED USERS@TIMELAPSE.HTB","domainsid":"S-1-5-21-671920749-559770252-3318990721","domain":"TIMELAPSE.HTB"}},{"Members":[],"Aces":[],"ObjectIdentifier":"TIMELAPSE.HTB-S-1-1-0","IsDeleted":false,"IsACLProtected":false,"Properties":{"name":"EVERYONE@TIMELAPSE.HTB","domainsid":"S-1-5-21-671920749-559770252-3318990721","domain":"TIMELAPSE.HTB"}},{"Members":[],"Aces":[],"ObjectIdentifier":"TIMELAPSE.HTB-S-1-5-32-548","IsDeleted":false,"IsACLProtected":false,"Properties":{"name":"ACCOUNT OPERATORS@TIMELAPSE.HTB","domainsid":"S-1-5-21-671920749-559770252-3318990721","domain":"TIMELAPSE.HTB"}},{"Members":[],"Aces":[],"ObjectIdentifier":"TIMELAPSE.HTB-S-1-5-4","IsDeleted":false,"IsACLProtected":false,"Properties":{"name":"INTERACTIVE@TIMELAPSE.HTB","domainsid":"S-1-5-21-671920749-559770252-3318990721","domain":"TIMELAPSE.HTB"}},{"Members":[],"Aces":[],"ObjectIdentifier":"TIMELAPSE.HTB-S-1-5-32-544","IsDeleted":false,"IsACLProtected":false,"Properties":{"name":"ADMINISTRATORS@TIMELAPSE.HTB","domainsid":"S-1-5-21-671920749-559770252-3318990721","domain":"TIMELAPSE.HTB"}},{"Members":[],"Aces":[],"ObjectIdentifier":"TIMELAPSE.HTB-S-1-5-32-554","IsDeleted":false,"IsACLProtected":false,"Properties":{"name":"PRE-WINDOWS 2000 COMPATIBLE ACCESS@TIMELAPSE.HTB","domainsid":"S-1-5-21-671920749-559770252-3318990721","domain":"TIMELAPSE.HTB"}},{"Members":[],"Aces":[],"ObjectIdentifier":"TIMELAPSE.HTB-S-1-5-32-557","IsDeleted":false,"IsACLProtected":false,"Properties":{"name":"INCOMING FOREST TRUST BUILDERS@TIMELAPSE.HTB","domainsid":"S-1-5-21-671920749-559770252-3318990721","domain":"TIMELAPSE.HTB"}},{"Members":[],"Aces":[],"ObjectIdentifier":"TIMELAPSE.HTB-S-1-5-32-561","IsDeleted":false,"IsACLProtected":false,"Properties":{"name":"TERMINAL SERVER LICENSE SERVERS@TIMELAPSE.HTB","domainsid":"S-1-5-21-671920749-559770252-3318990721","domain":"TIMELAPSE.HTB"}},{"Members":[],"Aces":[],"ObjectIdentifier":"TIMELAPSE.HTB-S-1-5-32-560","IsDeleted":false,"IsACLProtected":false,"Properties":{"name":"WINDOWS AUTHORIZATION ACCESS GROUP@TIMELAPSE.HTB","domainsid":"S-1-5-21-671920749-559770252-3318990721","domain":"TIMELAPSE.HTB"}},{"Members":[{"ObjectIdentifier":"S-1-5-21-671920749-559770252-3318990721-1000","ObjectType":"Computer"}],"Aces":[],"ObjectIdentifier":"TIMELAPSE.HTB-S-1-5-9","IsDeleted":false,"IsACLProtected":false,"Properties":{"name":"ENTERPRISE DOMAIN CONTROLLERS@TIMELAPSE.HTB","domainsid":"S-1-5-21-671920749-559770252-3318990721","domain":"timelapse.htb"}}],"meta":{"methods":29675,"type":"groups","count":64,"version":4}}