﻿{"domains":[{"Properties":{"highvalue":true,"name":"MEGACORP.LOCAL","domain":"MEGACORP.LOCAL","objectid":"S-1-5-21-3167813660-1240564177-918740779","distinguishedname":"DC=MEGACORP,DC=LOCAL","description":null,"functionallevel":"2016"},"Users":["S-1-5-21-3167813660-1240564177-918740779-500","S-1-5-21-3167813660-1240564177-918740779-501","S-1-5-21-3167813660-1240564177-918740779-503","S-1-5-21-3167813660-1240564177-918740779-502"],"Computers":[],"ChildOus":["5E544B2C-75C3-4843-A3F1-36EA90A569D8","7FCEA067-88FA-480A-9630-3BBDA20117EA","FBC4E230-4190-496A-A394-D15E93EA0D01","8B8CBB0F-5B47-4C08-BDB8-B80082B0637B","3518AD00-00FE-4CD1-830E-F67F859B931E"],"Trusts":[],"Links":[{"IsEnforced":false,"Guid":"2FEEE3D6-F780-42C3-B180-3C96BA9BED8A"}],"RemoteDesktopUsers":[],"LocalAdmins":[],"DcomUsers":[],"PSRemoteUsers":[],"ObjectIdentifier":"S-1-5-21-3167813660-1240564177-918740779","Aces":[{"PrincipalSID":"MEGACORP.LOCAL-S-1-5-32-544","PrincipalType":"Group","RightName":"Owner","AceType":"","IsInherited":false},{"PrincipalSID":"MEGACORP.LOCAL-S-1-5-32-544","PrincipalType":"Group","RightName":"WriteDacl","AceType":"","IsInherited":false},{"PrincipalSID":"MEGACORP.LOCAL-S-1-5-32-544","PrincipalType":"Group","RightName":"WriteOwner","AceType":"","IsInherited":false},{"PrincipalSID":"MEGACORP.LOCAL-S-1-5-32-544","PrincipalType":"Group","RightName":"ExtendedRight","AceType":"All","IsInherited":false},{"PrincipalSID":"S-1-5-21-3167813660-1240564177-918740779-512","PrincipalType":"Group","RightName":"WriteDacl","AceType":"","IsInherited":false},{"PrincipalSID":"S-1-5-21-3167813660-1240564177-918740779-512","PrincipalType":"Group","RightName":"WriteOwner","AceType":"","IsInherited":false},{"PrincipalSID":"S-1-5-21-3167813660-1240564177-918740779-512","PrincipalType":"Group","RightName":"ExtendedRight","AceType":"All","IsInherited":false},{"PrincipalSID":"S-1-5-21-3167813660-1240564177-918740779-519","PrincipalType":"Group","RightName":"GenericAll","AceType":"","IsInherited":false},{"PrincipalSID":"MEGACORP.LOCAL-S-1-5-9","PrincipalType":"Group","RightName":"ExtendedRight","AceType":"GetChanges","IsInherited":false},{"PrincipalSID":"MEGACORP.LOCAL-S-1-5-32-544","PrincipalType":"Group","RightName":"ExtendedRight","AceType":"GetChangesAll","IsInherited":false},{"PrincipalSID":"MEGACORP.LOCAL-S-1-5-32-544","PrincipalType":"Group","RightName":"ExtendedRight","AceType":"GetChanges","IsInherited":false},{"PrincipalSID":"S-1-5-21-3167813660-1240564177-918740779-498","PrincipalType":"Group","RightName":"ExtendedRight","AceType":"GetChanges","IsInherited":false},{"PrincipalSID":"S-1-5-21-3167813660-1240564177-918740779-516","PrincipalType":"Group","RightName":"ExtendedRight","AceType":"GetChangesAll","IsInherited":false}]}],"meta":{"count":1,"type":"domains","version":3}}