﻿{"ous":[{"Properties":{"highvalue":false,"name":"GROUPS@MEGACORP.LOCAL","domain":"MEGACORP.LOCAL","objectid":"8B8CBB0F-5B47-4C08-BDB8-B80082B0637B","distinguishedname":"OU=Groups,DC=MEGACORP,DC=LOCAL","description":null,"blocksinheritance":false},"Links":[],"ACLProtected":false,"Users":[],"Computers":[],"ChildOus":[],"RemoteDesktopUsers":[],"LocalAdmins":[],"DcomUsers":[],"PSRemoteUsers":[],"ObjectIdentifier":"8B8CBB0F-5B47-4C08-BDB8-B80082B0637B","Aces":[{"PrincipalSID":"S-1-5-21-3167813660-1240564177-918740779-512","PrincipalType":"Group","RightName":"Owner","AceType":"","IsInherited":false},{"PrincipalSID":"S-1-5-21-3167813660-1240564177-918740779-512","PrincipalType":"Group","RightName":"GenericAll","AceType":"","IsInherited":false},{"PrincipalSID":"S-1-5-21-3167813660-1240564177-918740779-519","PrincipalType":"Group","RightName":"GenericAll","AceType":"","IsInherited":true},{"PrincipalSID":"MEGACORP.LOCAL-S-1-5-32-544","PrincipalType":"Group","RightName":"WriteDacl","AceType":"","IsInherited":true},{"PrincipalSID":"MEGACORP.LOCAL-S-1-5-32-544","PrincipalType":"Group","RightName":"WriteOwner","AceType":"","IsInherited":true}]},{"Properties":{"highvalue":false,"name":"DOMAIN CONTROLLERS@MEGACORP.LOCAL","domain":"MEGACORP.LOCAL","objectid":"7FCEA067-88FA-480A-9630-3BBDA20117EA","distinguishedname":"OU=Domain Controllers,DC=MEGACORP,DC=LOCAL","description":"Default container for domain controllers","blocksinheritance":false},"Links":[{"IsEnforced":false,"Guid":"AE0BC141-9FA0-41BC-B3E0-1EF11C632DC8"}],"ACLProtected":false,"Users":[],"Computers":["S-1-5-21-3167813660-1240564177-918740779-1000"],"ChildOus":[],"RemoteDesktopUsers":[],"LocalAdmins":[],"DcomUsers":[],"PSRemoteUsers":[],"ObjectIdentifier":"7FCEA067-88FA-480A-9630-3BBDA20117EA","Aces":[{"PrincipalSID":"S-1-5-21-3167813660-1240564177-918740779-512","PrincipalType":"Group","RightName":"Owner","AceType":"","IsInherited":false},{"PrincipalSID":"S-1-5-21-3167813660-1240564177-918740779-512","PrincipalType":"Group","RightName":"WriteDacl","AceType":"","IsInherited":false},{"PrincipalSID":"S-1-5-21-3167813660-1240564177-918740779-512","PrincipalType":"Group","RightName":"WriteOwner","AceType":"","IsInherited":false},{"PrincipalSID":"S-1-5-21-3167813660-1240564177-918740779-519","PrincipalType":"Group","RightName":"GenericAll","AceType":"","IsInherited":true},{"PrincipalSID":"MEGACORP.LOCAL-S-1-5-32-544","PrincipalType":"Group","RightName":"WriteDacl","AceType":"","IsInherited":true},{"PrincipalSID":"MEGACORP.LOCAL-S-1-5-32-544","PrincipalType":"Group","RightName":"WriteOwner","AceType":"","IsInherited":true}]},{"Properties":{"highvalue":false,"name":"SERVICE ACCOUNTS@MEGACORP.LOCAL","domain":"MEGACORP.LOCAL","objectid":"3518AD00-00FE-4CD1-830E-F67F859B931E","distinguishedname":"OU=Service Accounts,DC=MEGACORP,DC=LOCAL","description":null,"blocksinheritance":false},"Links":[],"ACLProtected":false,"Users":["S-1-5-21-3167813660-1240564177-918740779-1103","S-1-5-21-3167813660-1240564177-918740779-2102"],"Computers":[],"ChildOus":[],"RemoteDesktopUsers":[],"LocalAdmins":[],"DcomUsers":[],"PSRemoteUsers":[],"ObjectIdentifier":"3518AD00-00FE-4CD1-830E-F67F859B931E","Aces":[{"PrincipalSID":"S-1-5-21-3167813660-1240564177-918740779-512","PrincipalType":"Group","RightName":"Owner","AceType":"","IsInherited":false},{"PrincipalSID":"S-1-5-21-3167813660-1240564177-918740779-512","PrincipalType":"Group","RightName":"GenericAll","AceType":"","IsInherited":false},{"PrincipalSID":"S-1-5-21-3167813660-1240564177-918740779-519","PrincipalType":"Group","RightName":"GenericAll","AceType":"","IsInherited":true},{"PrincipalSID":"MEGACORP.LOCAL-S-1-5-32-544","PrincipalType":"Group","RightName":"WriteDacl","AceType":"","IsInherited":true},{"PrincipalSID":"MEGACORP.LOCAL-S-1-5-32-544","PrincipalType":"Group","RightName":"WriteOwner","AceType":"","IsInherited":true}]},{"Properties":{"highvalue":false,"name":"TOKYO@MEGACORP.LOCAL","domain":"MEGACORP.LOCAL","objectid":"0FDECE15-55C6-4557-AF0A-4340FEABDF3A","distinguishedname":"OU=Tokyo,OU=Employees,DC=MEGACORP,DC=LOCAL","description":null,"blocksinheritance":false},"Links":[],"ACLProtected":false,"Users":["S-1-5-21-3167813660-1240564177-918740779-2101","S-1-5-21-3167813660-1240564177-918740779-3112","S-1-5-21-3167813660-1240564177-918740779-1110"],"Computers":[],"ChildOus":[],"RemoteDesktopUsers":[],"LocalAdmins":[],"DcomUsers":[],"PSRemoteUsers":[],"ObjectIdentifier":"0FDECE15-55C6-4557-AF0A-4340FEABDF3A","Aces":[{"PrincipalSID":"S-1-5-21-3167813660-1240564177-918740779-512","PrincipalType":"Group","RightName":"Owner","AceType":"","IsInherited":false},{"PrincipalSID":"S-1-5-21-3167813660-1240564177-918740779-512","PrincipalType":"Group","RightName":"GenericAll","AceType":"","IsInherited":false},{"PrincipalSID":"S-1-5-21-3167813660-1240564177-918740779-519","PrincipalType":"Group","RightName":"GenericAll","AceType":"","IsInherited":true},{"PrincipalSID":"MEGACORP.LOCAL-S-1-5-32-544","PrincipalType":"Group","RightName":"WriteDacl","AceType":"","IsInherited":true},{"PrincipalSID":"MEGACORP.LOCAL-S-1-5-32-544","PrincipalType":"Group","RightName":"WriteOwner","AceType":"","IsInherited":true}]},{"Properties":{"highvalue":false,"name":"FRANKFURT@MEGACORP.LOCAL","domain":"MEGACORP.LOCAL","objectid":"A158ED5F-40AE-4F7B-80B9-80F3547BA3EB","distinguishedname":"OU=Frankfurt,OU=Employees,DC=MEGACORP,DC=LOCAL","description":null,"blocksinheritance":false},"Links":[],"ACLProtected":false,"Users":["S-1-5-21-3167813660-1240564177-918740779-1601","S-1-5-21-3167813660-1240564177-918740779-3117","S-1-5-21-3167813660-1240564177-918740779-3108","S-1-5-21-3167813660-1240564177-918740779-3109"],"Computers":[],"ChildOus":[],"RemoteDesktopUsers":[],"LocalAdmins":[],"DcomUsers":[],"PSRemoteUsers":[],"ObjectIdentifier":"A158ED5F-40AE-4F7B-80B9-80F3547BA3EB","Aces":[{"PrincipalSID":"S-1-5-21-3167813660-1240564177-918740779-512","PrincipalType":"Group","RightName":"Owner","AceType":"","IsInherited":false},{"PrincipalSID":"S-1-5-21-3167813660-1240564177-918740779-512","PrincipalType":"Group","RightName":"GenericAll","AceType":"","IsInherited":false},{"PrincipalSID":"S-1-5-21-3167813660-1240564177-918740779-519","PrincipalType":"Group","RightName":"GenericAll","AceType":"","IsInherited":true},{"PrincipalSID":"MEGACORP.LOCAL-S-1-5-32-544","PrincipalType":"Group","RightName":"WriteDacl","AceType":"","IsInherited":true},{"PrincipalSID":"MEGACORP.LOCAL-S-1-5-32-544","PrincipalType":"Group","RightName":"WriteOwner","AceType":"","IsInherited":true}]},{"Properties":{"highvalue":false,"name":"CONTRACTORS@MEGACORP.LOCAL","domain":"MEGACORP.LOCAL","objectid":"5E544B2C-75C3-4843-A3F1-36EA90A569D8","distinguishedname":"OU=Contractors,DC=MEGACORP,DC=LOCAL","description":null,"blocksinheritance":false},"Links":[],"ACLProtected":false,"Users":[],"Computers":[],"ChildOus":[],"RemoteDesktopUsers":[],"LocalAdmins":[],"DcomUsers":[],"PSRemoteUsers":[],"ObjectIdentifier":"5E544B2C-75C3-4843-A3F1-36EA90A569D8","Aces":[{"PrincipalSID":"S-1-5-21-3167813660-1240564177-918740779-512","PrincipalType":"Group","RightName":"Owner","AceType":"","IsInherited":false},{"PrincipalSID":"S-1-5-21-3167813660-1240564177-918740779-512","PrincipalType":"Group","RightName":"GenericAll","AceType":"","IsInherited":false},{"PrincipalSID":"S-1-5-21-3167813660-1240564177-918740779-519","PrincipalType":"Group","RightName":"GenericAll","AceType":"","IsInherited":true},{"PrincipalSID":"MEGACORP.LOCAL-S-1-5-32-544","PrincipalType":"Group","RightName":"WriteDacl","AceType":"","IsInherited":true},{"PrincipalSID":"MEGACORP.LOCAL-S-1-5-32-544","PrincipalType":"Group","RightName":"WriteOwner","AceType":"","IsInherited":true}]},{"Properties":{"highvalue":false,"name":"ATHENS@MEGACORP.LOCAL","domain":"MEGACORP.LOCAL","objectid":"7ECAA48E-E1E5-424B-85F1-50CDE03C2B3F","distinguishedname":"OU=Athens,OU=Employees,DC=MEGACORP,DC=LOCAL","description":null,"blocksinheritance":false},"Links":[],"ACLProtected":false,"Users":["S-1-5-21-3167813660-1240564177-918740779-3111","S-1-5-21-3167813660-1240564177-918740779-3110","S-1-5-21-3167813660-1240564177-918740779-3105"],"Computers":[],"ChildOus":[],"RemoteDesktopUsers":[],"LocalAdmins":[],"DcomUsers":[],"PSRemoteUsers":[],"ObjectIdentifier":"7ECAA48E-E1E5-424B-85F1-50CDE03C2B3F","Aces":[{"PrincipalSID":"S-1-5-21-3167813660-1240564177-918740779-512","PrincipalType":"Group","RightName":"Owner","AceType":"","IsInherited":false},{"PrincipalSID":"S-1-5-21-3167813660-1240564177-918740779-512","PrincipalType":"Group","RightName":"GenericAll","AceType":"","IsInherited":false},{"PrincipalSID":"S-1-5-21-3167813660-1240564177-918740779-519","PrincipalType":"Group","RightName":"GenericAll","AceType":"","IsInherited":true},{"PrincipalSID":"MEGACORP.LOCAL-S-1-5-32-544","PrincipalType":"Group","RightName":"WriteDacl","AceType":"","IsInherited":true},{"PrincipalSID":"MEGACORP.LOCAL-S-1-5-32-544","PrincipalType":"Group","RightName":"WriteOwner","AceType":"","IsInherited":true}]},{"Properties":{"highvalue":false,"name":"LONDON@MEGACORP.LOCAL","domain":"MEGACORP.LOCAL","objectid":"9CAF1DF3-543F-49FB-A619-5A38609FFD3D","distinguishedname":"OU=London,OU=Employees,DC=MEGACORP,DC=LOCAL","description":null,"blocksinheritance":false},"Links":[],"ACLProtected":false,"Users":["S-1-5-21-3167813660-1240564177-918740779-3115","S-1-5-21-3167813660-1240564177-918740779-3106","S-1-5-21-3167813660-1240564177-918740779-3116","S-1-5-21-3167813660-1240564177-918740779-1112","S-1-5-21-3167813660-1240564177-918740779-3113","S-1-5-21-3167813660-1240564177-918740779-3103"],"Computers":[],"ChildOus":[],"RemoteDesktopUsers":[],"LocalAdmins":[],"DcomUsers":[],"PSRemoteUsers":[],"ObjectIdentifier":"9CAF1DF3-543F-49FB-A619-5A38609FFD3D","Aces":[{"PrincipalSID":"S-1-5-21-3167813660-1240564177-918740779-512","PrincipalType":"Group","RightName":"Owner","AceType":"","IsInherited":false},{"PrincipalSID":"S-1-5-21-3167813660-1240564177-918740779-512","PrincipalType":"Group","RightName":"GenericAll","AceType":"","IsInherited":false},{"PrincipalSID":"S-1-5-21-3167813660-1240564177-918740779-519","PrincipalType":"Group","RightName":"GenericAll","AceType":"","IsInherited":true},{"PrincipalSID":"MEGACORP.LOCAL-S-1-5-32-544","PrincipalType":"Group","RightName":"WriteDacl","AceType":"","IsInherited":true},{"PrincipalSID":"MEGACORP.LOCAL-S-1-5-32-544","PrincipalType":"Group","RightName":"WriteOwner","AceType":"","IsInherited":true}]},{"Properties":{"highvalue":false,"name":"EMPLOYEES@MEGACORP.LOCAL","domain":"MEGACORP.LOCAL","objectid":"FBC4E230-4190-496A-A394-D15E93EA0D01","distinguishedname":"OU=Employees,DC=MEGACORP,DC=LOCAL","description":null,"blocksinheritance":false},"Links":[],"ACLProtected":false,"Users":[],"Computers":[],"ChildOus":["7ECAA48E-E1E5-424B-85F1-50CDE03C2B3F","A158ED5F-40AE-4F7B-80B9-80F3547BA3EB","9CAF1DF3-543F-49FB-A619-5A38609FFD3D","47201527-8075-4A79-A7F7-33E609C7240D","0FDECE15-55C6-4557-AF0A-4340FEABDF3A"],"RemoteDesktopUsers":[],"LocalAdmins":[],"DcomUsers":[],"PSRemoteUsers":[],"ObjectIdentifier":"FBC4E230-4190-496A-A394-D15E93EA0D01","Aces":[{"PrincipalSID":"S-1-5-21-3167813660-1240564177-918740779-512","PrincipalType":"Group","RightName":"Owner","AceType":"","IsInherited":false},{"PrincipalSID":"S-1-5-21-3167813660-1240564177-918740779-512","PrincipalType":"Group","RightName":"GenericAll","AceType":"","IsInherited":false},{"PrincipalSID":"S-1-5-21-3167813660-1240564177-918740779-519","PrincipalType":"Group","RightName":"GenericAll","AceType":"","IsInherited":true},{"PrincipalSID":"MEGACORP.LOCAL-S-1-5-32-544","PrincipalType":"Group","RightName":"WriteDacl","AceType":"","IsInherited":true},{"PrincipalSID":"MEGACORP.LOCAL-S-1-5-32-544","PrincipalType":"Group","RightName":"WriteOwner","AceType":"","IsInherited":true}]},{"Properties":{"highvalue":false,"name":"NEW YORK@MEGACORP.LOCAL","domain":"MEGACORP.LOCAL","objectid":"47201527-8075-4A79-A7F7-33E609C7240D","distinguishedname":"OU=New York,OU=Employees,DC=MEGACORP,DC=LOCAL","description":null,"blocksinheritance":false},"Links":[],"ACLProtected":false,"Users":["S-1-5-21-3167813660-1240564177-918740779-1111","S-1-5-21-3167813660-1240564177-918740779-3102","S-1-5-21-3167813660-1240564177-918740779-3104","S-1-5-21-3167813660-1240564177-918740779-3107","S-1-5-21-3167813660-1240564177-918740779-3114"],"Computers":[],"ChildOus":[],"RemoteDesktopUsers":[],"LocalAdmins":[],"DcomUsers":[],"PSRemoteUsers":[],"ObjectIdentifier":"47201527-8075-4A79-A7F7-33E609C7240D","Aces":[{"PrincipalSID":"S-1-5-21-3167813660-1240564177-918740779-512","PrincipalType":"Group","RightName":"Owner","AceType":"","IsInherited":false},{"PrincipalSID":"S-1-5-21-3167813660-1240564177-918740779-512","PrincipalType":"Group","RightName":"GenericAll","AceType":"","IsInherited":false},{"PrincipalSID":"S-1-5-21-3167813660-1240564177-918740779-519","PrincipalType":"Group","RightName":"GenericAll","AceType":"","IsInherited":true},{"PrincipalSID":"MEGACORP.LOCAL-S-1-5-32-544","PrincipalType":"Group","RightName":"WriteDacl","AceType":"","IsInherited":true},{"PrincipalSID":"MEGACORP.LOCAL-S-1-5-32-544","PrincipalType":"Group","RightName":"WriteOwner","AceType":"","IsInherited":true}]}],"meta":{"count":10,"type":"ous","version":3}}