﻿{"users":[{"Properties":{"highvalue":false,"name":"ADMINISTRATOR@MEGACORP.LOCAL","domain":"MEGACORP.LOCAL","objectid":"S-1-5-21-3167813660-1240564177-918740779-500","distinguishedname":"CN=Administrator,CN=Users,DC=MEGACORP,DC=LOCAL","description":"Built-in account for administering the computer/domain","dontreqpreauth":false,"passwordnotreqd":false,"unconstraineddelegation":false,"sensitive":false,"enabled":true,"pwdneverexpires":true,"lastlogon":1622249196,"lastlogontimestamp":1622163143,"pwdlastset":1569704953,"serviceprincipalnames":[],"hasspn":false,"displayname":null,"email":null,"title":null,"homedirectory":null,"userpassword":null,"admincount":true,"sidhistory":[]},"AllowedToDelegate":[],"SPNTargets":[],"PrimaryGroupSid":"S-1-5-21-3167813660-1240564177-918740779-513","HasSIDHistory":[],"ObjectIdentifier":"S-1-5-21-3167813660-1240564177-918740779-500","Aces":[{"PrincipalSID":"S-1-5-21-3167813660-1240564177-918740779-512","PrincipalType":"Group","RightName":"Owner","AceType":"","IsInherited":false},{"PrincipalSID":"MEGACORP.LOCAL-S-1-5-32-544","PrincipalType":"Group","RightName":"WriteDacl","AceType":"","IsInherited":false},{"PrincipalSID":"MEGACORP.LOCAL-S-1-5-32-544","PrincipalType":"Group","RightName":"WriteOwner","AceType":"","IsInherited":false},{"PrincipalSID":"MEGACORP.LOCAL-S-1-5-32-544","PrincipalType":"Group","RightName":"ExtendedRight","AceType":"All","IsInherited":false},{"PrincipalSID":"MEGACORP.LOCAL-S-1-5-32-544","PrincipalType":"Group","RightName":"GenericWrite","AceType":"","IsInherited":false},{"PrincipalSID":"S-1-5-21-3167813660-1240564177-918740779-512","PrincipalType":"Group","RightName":"WriteDacl","AceType":"","IsInherited":false},{"PrincipalSID":"S-1-5-21-3167813660-1240564177-918740779-512","PrincipalType":"Group","RightName":"WriteOwner","AceType":"","IsInherited":false},{"PrincipalSID":"S-1-5-21-3167813660-1240564177-918740779-512","PrincipalType":"Group","RightName":"ExtendedRight","AceType":"All","IsInherited":false},{"PrincipalSID":"S-1-5-21-3167813660-1240564177-918740779-512","PrincipalType":"Group","RightName":"GenericWrite","AceType":"","IsInherited":false},{"PrincipalSID":"S-1-5-21-3167813660-1240564177-918740779-519","PrincipalType":"Group","RightName":"WriteDacl","AceType":"","IsInherited":false},{"PrincipalSID":"S-1-5-21-3167813660-1240564177-918740779-519","PrincipalType":"Group","RightName":"WriteOwner","AceType":"","IsInherited":false},{"PrincipalSID":"S-1-5-21-3167813660-1240564177-918740779-519","PrincipalType":"Group","RightName":"ExtendedRight","AceType":"All","IsInherited":false},{"PrincipalSID":"S-1-5-21-3167813660-1240564177-918740779-519","PrincipalType":"Group","RightName":"GenericWrite","AceType":"","IsInherited":false}]},{"Properties":{"highvalue":false,"name":"DEFAULTACCOUNT@MEGACORP.LOCAL","domain":"MEGACORP.LOCAL","objectid":"S-1-5-21-3167813660-1240564177-918740779-503","distinguishedname":"CN=DefaultAccount,CN=Users,DC=MEGACORP,DC=LOCAL","description":"A user account managed by the system.","dontreqpreauth":false,"passwordnotreqd":true,"unconstraineddelegation":false,"sensitive":false,"enabled":false,"pwdneverexpires":true,"lastlogon":-1,"lastlogontimestamp":-1,"pwdlastset":-1,"serviceprincipalnames":[],"hasspn":false,"displayname":null,"email":null,"title":null,"homedirectory":null,"userpassword":null,"admincount":false,"sidhistory":[]},"AllowedToDelegate":[],"SPNTargets":[],"PrimaryGroupSid":"S-1-5-21-3167813660-1240564177-918740779-513","HasSIDHistory":[],"ObjectIdentifier":"S-1-5-21-3167813660-1240564177-918740779-503","Aces":[{"PrincipalSID":"MEGACORP.LOCAL-S-1-5-32-544","PrincipalType":"Group","RightName":"Owner","AceType":"","IsInherited":false},{"PrincipalSID":"MEGACORP.LOCAL-S-1-5-32-548","PrincipalType":"Group","RightName":"GenericAll","AceType":"","IsInherited":false},{"PrincipalSID":"S-1-5-21-3167813660-1240564177-918740779-512","PrincipalType":"Group","RightName":"GenericAll","AceType":"","IsInherited":false},{"PrincipalSID":"S-1-5-21-3167813660-1240564177-918740779-519","PrincipalType":"Group","RightName":"GenericAll","AceType":"","IsInherited":true},{"PrincipalSID":"MEGACORP.LOCAL-S-1-5-32-544","PrincipalType":"Group","RightName":"WriteDacl","AceType":"","IsInherited":true},{"PrincipalSID":"MEGACORP.LOCAL-S-1-5-32-544","PrincipalType":"Group","RightName":"WriteOwner","AceType":"","IsInherited":true},{"PrincipalSID":"MEGACORP.LOCAL-S-1-5-32-544","PrincipalType":"Group","RightName":"ExtendedRight","AceType":"All","IsInherited":true},{"PrincipalSID":"MEGACORP.LOCAL-S-1-5-32-544","PrincipalType":"Group","RightName":"GenericWrite","AceType":"","IsInherited":true}]},{"Properties":{"highvalue":false,"name":"SVC-NAS@MEGACORP.LOCAL","domain":"MEGACORP.LOCAL","objectid":"S-1-5-21-3167813660-1240564177-918740779-1103","distinguishedname":"CN=svc-nas,OU=Service Accounts,DC=MEGACORP,DC=LOCAL","description":null,"dontreqpreauth":false,"passwordnotreqd":false,"unconstraineddelegation":false,"sensitive":false,"enabled":true,"pwdneverexpires":true,"lastlogon":1569444522,"lastlogontimestamp":1569444522,"pwdlastset":1569706616,"serviceprincipalnames":[],"hasspn":false,"displayname":"svc-nas","email":null,"title":null,"homedirectory":null,"userpassword":null,"admincount":false,"sidhistory":[]},"AllowedToDelegate":[],"SPNTargets":[],"PrimaryGroupSid":"S-1-5-21-3167813660-1240564177-918740779-513","HasSIDHistory":[],"ObjectIdentifier":"S-1-5-21-3167813660-1240564177-918740779-1103","Aces":[{"PrincipalSID":"S-1-5-21-3167813660-1240564177-918740779-512","PrincipalType":"Group","RightName":"Owner","AceType":"","IsInherited":false},{"PrincipalSID":"MEGACORP.LOCAL-S-1-5-32-544","PrincipalType":"Group","RightName":"WriteDacl","AceType":"","IsInherited":false},{"PrincipalSID":"MEGACORP.LOCAL-S-1-5-32-544","PrincipalType":"Group","RightName":"WriteOwner","AceType":"","IsInherited":false},{"PrincipalSID":"MEGACORP.LOCAL-S-1-5-32-544","PrincipalType":"Group","RightName":"ExtendedRight","AceType":"All","IsInherited":false},{"PrincipalSID":"MEGACORP.LOCAL-S-1-5-32-544","PrincipalType":"Group","RightName":"GenericWrite","AceType":"","IsInherited":false},{"PrincipalSID":"S-1-5-21-3167813660-1240564177-918740779-512","PrincipalType":"Group","RightName":"WriteDacl","AceType":"","IsInherited":false},{"PrincipalSID":"S-1-5-21-3167813660-1240564177-918740779-512","PrincipalType":"Group","RightName":"WriteOwner","AceType":"","IsInherited":false},{"PrincipalSID":"S-1-5-21-3167813660-1240564177-918740779-512","PrincipalType":"Group","RightName":"ExtendedRight","AceType":"All","IsInherited":false},{"PrincipalSID":"S-1-5-21-3167813660-1240564177-918740779-512","PrincipalType":"Group","RightName":"GenericWrite","AceType":"","IsInherited":false},{"PrincipalSID":"S-1-5-21-3167813660-1240564177-918740779-519","PrincipalType":"Group","RightName":"WriteDacl","AceType":"","IsInherited":false},{"PrincipalSID":"S-1-5-21-3167813660-1240564177-918740779-519","PrincipalType":"Group","RightName":"WriteOwner","AceType":"","IsInherited":false},{"PrincipalSID":"S-1-5-21-3167813660-1240564177-918740779-519","PrincipalType":"Group","RightName":"ExtendedRight","AceType":"All","IsInherited":false},{"PrincipalSID":"S-1-5-21-3167813660-1240564177-918740779-519","PrincipalType":"Group","RightName":"GenericWrite","AceType":"","IsInherited":false}]},{"Properties":{"highvalue":false,"name":"KRBTGT@MEGACORP.LOCAL","domain":"MEGACORP.LOCAL","objectid":"S-1-5-21-3167813660-1240564177-918740779-502","distinguishedname":"CN=krbtgt,CN=Users,DC=MEGACORP,DC=LOCAL","description":"Key Distribution Center Service Account","dontreqpreauth":false,"passwordnotreqd":false,"unconstraineddelegation":false,"sensitive":false,"enabled":false,"pwdneverexpires":false,"lastlogon":-1,"lastlogontimestamp":-1,"pwdlastset":1569417606,"serviceprincipalnames":["kadmin/changepw"],"hasspn":true,"displayname":null,"email":null,"title":null,"homedirectory":null,"userpassword":null,"admincount":true,"sidhistory":[]},"AllowedToDelegate":[],"SPNTargets":[],"PrimaryGroupSid":"S-1-5-21-3167813660-1240564177-918740779-513","HasSIDHistory":[],"ObjectIdentifier":"S-1-5-21-3167813660-1240564177-918740779-502","Aces":[{"PrincipalSID":"S-1-5-21-3167813660-1240564177-918740779-512","PrincipalType":"Group","RightName":"Owner","AceType":"","IsInherited":false},{"PrincipalSID":"MEGACORP.LOCAL-S-1-5-32-544","PrincipalType":"Group","RightName":"WriteDacl","AceType":"","IsInherited":false},{"PrincipalSID":"MEGACORP.LOCAL-S-1-5-32-544","PrincipalType":"Group","RightName":"WriteOwner","AceType":"","IsInherited":false},{"PrincipalSID":"MEGACORP.LOCAL-S-1-5-32-544","PrincipalType":"Group","RightName":"ExtendedRight","AceType":"All","IsInherited":false},{"PrincipalSID":"MEGACORP.LOCAL-S-1-5-32-544","PrincipalType":"Group","RightName":"GenericWrite","AceType":"","IsInherited":false},{"PrincipalSID":"S-1-5-21-3167813660-1240564177-918740779-512","PrincipalType":"Group","RightName":"WriteDacl","AceType":"","IsInherited":false},{"PrincipalSID":"S-1-5-21-3167813660-1240564177-918740779-512","PrincipalType":"Group","RightName":"WriteOwner","AceType":"","IsInherited":false},{"PrincipalSID":"S-1-5-21-3167813660-1240564177-918740779-512","PrincipalType":"Group","RightName":"ExtendedRight","AceType":"All","IsInherited":false},{"PrincipalSID":"S-1-5-21-3167813660-1240564177-918740779-512","PrincipalType":"Group","RightName":"GenericWrite","AceType":"","IsInherited":false},{"PrincipalSID":"S-1-5-21-3167813660-1240564177-918740779-519","PrincipalType":"Group","RightName":"WriteDacl","AceType":"","IsInherited":false},{"PrincipalSID":"S-1-5-21-3167813660-1240564177-918740779-519","PrincipalType":"Group","RightName":"WriteOwner","AceType":"","IsInherited":false},{"PrincipalSID":"S-1-5-21-3167813660-1240564177-918740779-519","PrincipalType":"Group","RightName":"ExtendedRight","AceType":"All","IsInherited":false},{"PrincipalSID":"S-1-5-21-3167813660-1240564177-918740779-519","PrincipalType":"Group","RightName":"GenericWrite","AceType":"","IsInherited":false}]},{"Properties":{"highvalue":false,"name":"TUSHIKIKATOMO@MEGACORP.LOCAL","domain":"MEGACORP.LOCAL","objectid":"S-1-5-21-3167813660-1240564177-918740779-1110","distinguishedname":"CN=Tushikikatomo Akira,OU=Tokyo,OU=Employees,DC=MEGACORP,DC=LOCAL","description":null,"dontreqpreauth":false,"passwordnotreqd":false,"unconstraineddelegation":false,"sensitive":false,"enabled":true,"pwdneverexpires":true,"lastlogon":1622245622,"lastlogontimestamp":1622245622,"pwdlastset":1578618123,"serviceprincipalnames":[],"hasspn":false,"displayname":"Tushikikatomo Akira","email":null,"title":null,"homedirectory":null,"userpassword":null,"admincount":false,"sidhistory":[]},"AllowedToDelegate":[],"SPNTargets":[],"PrimaryGroupSid":"S-1-5-21-3167813660-1240564177-918740779-513","HasSIDHistory":[],"ObjectIdentifier":"S-1-5-21-3167813660-1240564177-918740779-1110","Aces":[{"PrincipalSID":"S-1-5-21-3167813660-1240564177-918740779-512","PrincipalType":"Group","RightName":"Owner","AceType":"","IsInherited":false},{"PrincipalSID":"MEGACORP.LOCAL-S-1-5-32-548","PrincipalType":"Group","RightName":"GenericAll","AceType":"","IsInherited":false},{"PrincipalSID":"S-1-5-21-3167813660-1240564177-918740779-512","PrincipalType":"Group","RightName":"GenericAll","AceType":"","IsInherited":false},{"PrincipalSID":"S-1-5-21-3167813660-1240564177-918740779-519","PrincipalType":"Group","RightName":"GenericAll","AceType":"","IsInherited":true},{"PrincipalSID":"MEGACORP.LOCAL-S-1-5-32-544","PrincipalType":"Group","RightName":"WriteDacl","AceType":"","IsInherited":true},{"PrincipalSID":"MEGACORP.LOCAL-S-1-5-32-544","PrincipalType":"Group","RightName":"WriteOwner","AceType":"","IsInherited":true},{"PrincipalSID":"MEGACORP.LOCAL-S-1-5-32-544","PrincipalType":"Group","RightName":"ExtendedRight","AceType":"All","IsInherited":true},{"PrincipalSID":"MEGACORP.LOCAL-S-1-5-32-544","PrincipalType":"Group","RightName":"GenericWrite","AceType":"","IsInherited":true}]},{"Properties":{"highvalue":false,"name":"ANDREW@MEGACORP.LOCAL","domain":"MEGACORP.LOCAL","objectid":"S-1-5-21-3167813660-1240564177-918740779-1111","distinguishedname":"CN=Andrew Wick,OU=New York,OU=Employees,DC=MEGACORP,DC=LOCAL","description":null,"dontreqpreauth":false,"passwordnotreqd":false,"unconstraineddelegation":false,"sensitive":false,"enabled":true,"pwdneverexpires":true,"lastlogon":-1,"lastlogontimestamp":-1,"pwdlastset":1569714180,"serviceprincipalnames":[],"hasspn":false,"displayname":"Andrew Wick","email":null,"title":null,"homedirectory":null,"userpassword":null,"admincount":false,"sidhistory":[]},"AllowedToDelegate":[],"SPNTargets":[],"PrimaryGroupSid":"S-1-5-21-3167813660-1240564177-918740779-513","HasSIDHistory":[],"ObjectIdentifier":"S-1-5-21-3167813660-1240564177-918740779-1111","Aces":[{"PrincipalSID":"S-1-5-21-3167813660-1240564177-918740779-512","PrincipalType":"Group","RightName":"Owner","AceType":"","IsInherited":false},{"PrincipalSID":"MEGACORP.LOCAL-S-1-5-32-548","PrincipalType":"Group","RightName":"GenericAll","AceType":"","IsInherited":false},{"PrincipalSID":"S-1-5-21-3167813660-1240564177-918740779-512","PrincipalType":"Group","RightName":"GenericAll","AceType":"","IsInherited":false},{"PrincipalSID":"S-1-5-21-3167813660-1240564177-918740779-519","PrincipalType":"Group","RightName":"GenericAll","AceType":"","IsInherited":true},{"PrincipalSID":"MEGACORP.LOCAL-S-1-5-32-544","PrincipalType":"Group","RightName":"WriteDacl","AceType":"","IsInherited":true},{"PrincipalSID":"MEGACORP.LOCAL-S-1-5-32-544","PrincipalType":"Group","RightName":"WriteOwner","AceType":"","IsInherited":true},{"PrincipalSID":"MEGACORP.LOCAL-S-1-5-32-544","PrincipalType":"Group","RightName":"ExtendedRight","AceType":"All","IsInherited":true},{"PrincipalSID":"MEGACORP.LOCAL-S-1-5-32-544","PrincipalType":"Group","RightName":"GenericWrite","AceType":"","IsInherited":true}]},{"Properties":{"highvalue":false,"name":"ALICE@MEGACORP.LOCAL","domain":"MEGACORP.LOCAL","objectid":"S-1-5-21-3167813660-1240564177-918740779-1601","distinguishedname":"CN=Alice Chong,OU=Frankfurt,OU=Employees,DC=MEGACORP,DC=LOCAL","description":null,"dontreqpreauth":false,"passwordnotreqd":false,"unconstraineddelegation":false,"sensitive":false,"enabled":true,"pwdneverexpires":true,"lastlogon":-1,"lastlogontimestamp":-1,"pwdlastset":1569714045,"serviceprincipalnames":[],"hasspn":false,"displayname":"Alice Chong","email":null,"title":null,"homedirectory":null,"userpassword":null,"admincount":false,"sidhistory":[]},"AllowedToDelegate":[],"SPNTargets":[],"PrimaryGroupSid":"S-1-5-21-3167813660-1240564177-918740779-513","HasSIDHistory":[],"ObjectIdentifier":"S-1-5-21-3167813660-1240564177-918740779-1601","Aces":[{"PrincipalSID":"S-1-5-21-3167813660-1240564177-918740779-512","PrincipalType":"Group","RightName":"Owner","AceType":"","IsInherited":false},{"PrincipalSID":"MEGACORP.LOCAL-S-1-5-32-548","PrincipalType":"Group","RightName":"GenericAll","AceType":"","IsInherited":false},{"PrincipalSID":"S-1-5-21-3167813660-1240564177-918740779-512","PrincipalType":"Group","RightName":"GenericAll","AceType":"","IsInherited":false},{"PrincipalSID":"S-1-5-21-3167813660-1240564177-918740779-519","PrincipalType":"Group","RightName":"GenericAll","AceType":"","IsInherited":true},{"PrincipalSID":"MEGACORP.LOCAL-S-1-5-32-544","PrincipalType":"Group","RightName":"WriteDacl","AceType":"","IsInherited":true},{"PrincipalSID":"MEGACORP.LOCAL-S-1-5-32-544","PrincipalType":"Group","RightName":"WriteOwner","AceType":"","IsInherited":true},{"PrincipalSID":"MEGACORP.LOCAL-S-1-5-32-544","PrincipalType":"Group","RightName":"ExtendedRight","AceType":"All","IsInherited":true},{"PrincipalSID":"MEGACORP.LOCAL-S-1-5-32-544","PrincipalType":"Group","RightName":"GenericWrite","AceType":"","IsInherited":true}]},{"Properties":{"highvalue":false,"name":"LANA@MEGACORP.LOCAL","domain":"MEGACORP.LOCAL","objectid":"S-1-5-21-3167813660-1240564177-918740779-1112","distinguishedname":"CN=Lana Murphy,OU=London,OU=Employees,DC=MEGACORP,DC=LOCAL","description":null,"dontreqpreauth":false,"passwordnotreqd":false,"unconstraineddelegation":false,"sensitive":false,"enabled":true,"pwdneverexpires":true,"lastlogon":-1,"lastlogontimestamp":-1,"pwdlastset":1569714123,"serviceprincipalnames":[],"hasspn":false,"displayname":"Lana Murphy","email":null,"title":null,"homedirectory":null,"userpassword":null,"admincount":false,"sidhistory":[]},"AllowedToDelegate":[],"SPNTargets":[],"PrimaryGroupSid":"S-1-5-21-3167813660-1240564177-918740779-513","HasSIDHistory":[],"ObjectIdentifier":"S-1-5-21-3167813660-1240564177-918740779-1112","Aces":[{"PrincipalSID":"S-1-5-21-3167813660-1240564177-918740779-512","PrincipalType":"Group","RightName":"Owner","AceType":"","IsInherited":false},{"PrincipalSID":"MEGACORP.LOCAL-S-1-5-32-548","PrincipalType":"Group","RightName":"GenericAll","AceType":"","IsInherited":false},{"PrincipalSID":"S-1-5-21-3167813660-1240564177-918740779-512","PrincipalType":"Group","RightName":"GenericAll","AceType":"","IsInherited":false},{"PrincipalSID":"S-1-5-21-3167813660-1240564177-918740779-519","PrincipalType":"Group","RightName":"GenericAll","AceType":"","IsInherited":true},{"PrincipalSID":"MEGACORP.LOCAL-S-1-5-32-544","PrincipalType":"Group","RightName":"WriteDacl","AceType":"","IsInherited":true},{"PrincipalSID":"MEGACORP.LOCAL-S-1-5-32-544","PrincipalType":"Group","RightName":"WriteOwner","AceType":"","IsInherited":true},{"PrincipalSID":"MEGACORP.LOCAL-S-1-5-32-544","PrincipalType":"Group","RightName":"ExtendedRight","AceType":"All","IsInherited":true},{"PrincipalSID":"MEGACORP.LOCAL-S-1-5-32-544","PrincipalType":"Group","RightName":"GenericWrite","AceType":"","IsInherited":true}]},{"Properties":{"highvalue":false,"name":"DAI@MEGACORP.LOCAL","domain":"MEGACORP.LOCAL","objectid":"S-1-5-21-3167813660-1240564177-918740779-2101","distinguishedname":"CN=Dai Aki,OU=Tokyo,OU=Employees,DC=MEGACORP,DC=LOCAL","description":null,"dontreqpreauth":false,"passwordnotreqd":false,"unconstraineddelegation":false,"sensitive":false,"enabled":true,"pwdneverexpires":true,"lastlogon":-1,"lastlogontimestamp":-1,"pwdlastset":1569705881,"serviceprincipalnames":[],"hasspn":false,"displayname":"Dai Aki","email":null,"title":null,"homedirectory":null,"userpassword":null,"admincount":false,"sidhistory":[]},"AllowedToDelegate":[],"SPNTargets":[],"PrimaryGroupSid":"S-1-5-21-3167813660-1240564177-918740779-513","HasSIDHistory":[],"ObjectIdentifier":"S-1-5-21-3167813660-1240564177-918740779-2101","Aces":[{"PrincipalSID":"S-1-5-21-3167813660-1240564177-918740779-512","PrincipalType":"Group","RightName":"Owner","AceType":"","IsInherited":false},{"PrincipalSID":"MEGACORP.LOCAL-S-1-5-32-548","PrincipalType":"Group","RightName":"GenericAll","AceType":"","IsInherited":false},{"PrincipalSID":"S-1-5-21-3167813660-1240564177-918740779-512","PrincipalType":"Group","RightName":"GenericAll","AceType":"","IsInherited":false},{"PrincipalSID":"S-1-5-21-3167813660-1240564177-918740779-519","PrincipalType":"Group","RightName":"GenericAll","AceType":"","IsInherited":true},{"PrincipalSID":"MEGACORP.LOCAL-S-1-5-32-544","PrincipalType":"Group","RightName":"WriteDacl","AceType":"","IsInherited":true},{"PrincipalSID":"MEGACORP.LOCAL-S-1-5-32-544","PrincipalType":"Group","RightName":"WriteOwner","AceType":"","IsInherited":true},{"PrincipalSID":"MEGACORP.LOCAL-S-1-5-32-544","PrincipalType":"Group","RightName":"ExtendedRight","AceType":"All","IsInherited":true},{"PrincipalSID":"MEGACORP.LOCAL-S-1-5-32-544","PrincipalType":"Group","RightName":"GenericWrite","AceType":"","IsInherited":true}]},{"Properties":{"highvalue":false,"name":"SVC-SQL@MEGACORP.LOCAL","domain":"MEGACORP.LOCAL","objectid":"S-1-5-21-3167813660-1240564177-918740779-2102","distinguishedname":"CN=svc-sql,OU=Service Accounts,DC=MEGACORP,DC=LOCAL","description":null,"dontreqpreauth":false,"passwordnotreqd":false,"unconstraineddelegation":false,"sensitive":false,"enabled":true,"pwdneverexpires":true,"lastlogon":-1,"lastlogontimestamp":-1,"pwdlastset":1569707160,"serviceprincipalnames":[],"hasspn":false,"displayname":"svc-sql","email":null,"title":null,"homedirectory":null,"userpassword":null,"admincount":false,"sidhistory":[]},"AllowedToDelegate":[],"SPNTargets":[],"PrimaryGroupSid":"S-1-5-21-3167813660-1240564177-918740779-513","HasSIDHistory":[],"ObjectIdentifier":"S-1-5-21-3167813660-1240564177-918740779-2102","Aces":[{"PrincipalSID":"S-1-5-21-3167813660-1240564177-918740779-512","PrincipalType":"Group","RightName":"Owner","AceType":"","IsInherited":false},{"PrincipalSID":"MEGACORP.LOCAL-S-1-5-32-548","PrincipalType":"Group","RightName":"GenericAll","AceType":"","IsInherited":false},{"PrincipalSID":"S-1-5-21-3167813660-1240564177-918740779-512","PrincipalType":"Group","RightName":"GenericAll","AceType":"","IsInherited":false},{"PrincipalSID":"S-1-5-21-3167813660-1240564177-918740779-519","PrincipalType":"Group","RightName":"GenericAll","AceType":"","IsInherited":true},{"PrincipalSID":"MEGACORP.LOCAL-S-1-5-32-544","PrincipalType":"Group","RightName":"WriteDacl","AceType":"","IsInherited":true},{"PrincipalSID":"MEGACORP.LOCAL-S-1-5-32-544","PrincipalType":"Group","RightName":"WriteOwner","AceType":"","IsInherited":true},{"PrincipalSID":"MEGACORP.LOCAL-S-1-5-32-544","PrincipalType":"Group","RightName":"ExtendedRight","AceType":"All","IsInherited":true},{"PrincipalSID":"MEGACORP.LOCAL-S-1-5-32-544","PrincipalType":"Group","RightName":"GenericWrite","AceType":"","IsInherited":true}]},{"Properties":{"highvalue":false,"name":"OKENT@MEGACORP.LOCAL","domain":"MEGACORP.LOCAL","objectid":"S-1-5-21-3167813660-1240564177-918740779-3103","distinguishedname":"CN=Octavia Kent,OU=London,OU=Employees,DC=MEGACORP,DC=LOCAL","description":null,"dontreqpreauth":false,"passwordnotreqd":false,"unconstraineddelegation":false,"sensitive":false,"enabled":true,"pwdneverexpires":true,"lastlogon":-1,"lastlogontimestamp":-1,"pwdlastset":1578572589,"serviceprincipalnames":[],"hasspn":false,"displayname":"Octavia Kent","email":null,"title":null,"homedirectory":null,"userpassword":null,"admincount":false,"sidhistory":[]},"AllowedToDelegate":[],"SPNTargets":[],"PrimaryGroupSid":"S-1-5-21-3167813660-1240564177-918740779-513","HasSIDHistory":[],"ObjectIdentifier":"S-1-5-21-3167813660-1240564177-918740779-3103","Aces":[{"PrincipalSID":"S-1-5-21-3167813660-1240564177-918740779-512","PrincipalType":"Group","RightName":"Owner","AceType":"","IsInherited":false},{"PrincipalSID":"MEGACORP.LOCAL-S-1-5-32-548","PrincipalType":"Group","RightName":"GenericAll","AceType":"","IsInherited":false},{"PrincipalSID":"S-1-5-21-3167813660-1240564177-918740779-512","PrincipalType":"Group","RightName":"GenericAll","AceType":"","IsInherited":false},{"PrincipalSID":"S-1-5-21-3167813660-1240564177-918740779-519","PrincipalType":"Group","RightName":"GenericAll","AceType":"","IsInherited":true},{"PrincipalSID":"MEGACORP.LOCAL-S-1-5-32-544","PrincipalType":"Group","RightName":"WriteDacl","AceType":"","IsInherited":true},{"PrincipalSID":"MEGACORP.LOCAL-S-1-5-32-544","PrincipalType":"Group","RightName":"WriteOwner","AceType":"","IsInherited":true},{"PrincipalSID":"MEGACORP.LOCAL-S-1-5-32-544","PrincipalType":"Group","RightName":"ExtendedRight","AceType":"All","IsInherited":true},{"PrincipalSID":"MEGACORP.LOCAL-S-1-5-32-544","PrincipalType":"Group","RightName":"GenericWrite","AceType":"","IsInherited":true}]},{"Properties":{"highvalue":false,"name":"CKANE@MEGACORP.LOCAL","domain":"MEGACORP.LOCAL","objectid":"S-1-5-21-3167813660-1240564177-918740779-3104","distinguishedname":"CN=Christian Kane,OU=New York,OU=Employees,DC=MEGACORP,DC=LOCAL","description":null,"dontreqpreauth":false,"passwordnotreqd":false,"unconstraineddelegation":false,"sensitive":false,"enabled":true,"pwdneverexpires":true,"lastlogon":-1,"lastlogontimestamp":-1,"pwdlastset":1578572615,"serviceprincipalnames":[],"hasspn":false,"displayname":"Christian Kane","email":null,"title":null,"homedirectory":null,"userpassword":null,"admincount":false,"sidhistory":[]},"AllowedToDelegate":[],"SPNTargets":[],"PrimaryGroupSid":"S-1-5-21-3167813660-1240564177-918740779-513","HasSIDHistory":[],"ObjectIdentifier":"S-1-5-21-3167813660-1240564177-918740779-3104","Aces":[{"PrincipalSID":"S-1-5-21-3167813660-1240564177-918740779-512","PrincipalType":"Group","RightName":"Owner","AceType":"","IsInherited":false},{"PrincipalSID":"MEGACORP.LOCAL-S-1-5-32-548","PrincipalType":"Group","RightName":"GenericAll","AceType":"","IsInherited":false},{"PrincipalSID":"S-1-5-21-3167813660-1240564177-918740779-512","PrincipalType":"Group","RightName":"GenericAll","AceType":"","IsInherited":false},{"PrincipalSID":"S-1-5-21-3167813660-1240564177-918740779-519","PrincipalType":"Group","RightName":"GenericAll","AceType":"","IsInherited":true},{"PrincipalSID":"MEGACORP.LOCAL-S-1-5-32-544","PrincipalType":"Group","RightName":"WriteDacl","AceType":"","IsInherited":true},{"PrincipalSID":"MEGACORP.LOCAL-S-1-5-32-544","PrincipalType":"Group","RightName":"WriteOwner","AceType":"","IsInherited":true},{"PrincipalSID":"MEGACORP.LOCAL-S-1-5-32-544","PrincipalType":"Group","RightName":"ExtendedRight","AceType":"All","IsInherited":true},{"PrincipalSID":"MEGACORP.LOCAL-S-1-5-32-544","PrincipalType":"Group","RightName":"GenericWrite","AceType":"","IsInherited":true}]},{"Properties":{"highvalue":false,"name":"KPAGE@MEGACORP.LOCAL","domain":"MEGACORP.LOCAL","objectid":"S-1-5-21-3167813660-1240564177-918740779-3105","distinguishedname":"CN=Kimberly Page,OU=Athens,OU=Employees,DC=MEGACORP,DC=LOCAL","description":null,"dontreqpreauth":false,"passwordnotreqd":false,"unconstraineddelegation":false,"sensitive":false,"enabled":true,"pwdneverexpires":true,"lastlogon":-1,"lastlogontimestamp":-1,"pwdlastset":1578572656,"serviceprincipalnames":[],"hasspn":false,"displayname":"Kimberly Page","email":null,"title":null,"homedirectory":null,"userpassword":null,"admincount":false,"sidhistory":[]},"AllowedToDelegate":[],"SPNTargets":[],"PrimaryGroupSid":"S-1-5-21-3167813660-1240564177-918740779-513","HasSIDHistory":[],"ObjectIdentifier":"S-1-5-21-3167813660-1240564177-918740779-3105","Aces":[{"PrincipalSID":"S-1-5-21-3167813660-1240564177-918740779-512","PrincipalType":"Group","RightName":"Owner","AceType":"","IsInherited":false},{"PrincipalSID":"MEGACORP.LOCAL-S-1-5-32-548","PrincipalType":"Group","RightName":"GenericAll","AceType":"","IsInherited":false},{"PrincipalSID":"S-1-5-21-3167813660-1240564177-918740779-512","PrincipalType":"Group","RightName":"GenericAll","AceType":"","IsInherited":false},{"PrincipalSID":"S-1-5-21-3167813660-1240564177-918740779-519","PrincipalType":"Group","RightName":"GenericAll","AceType":"","IsInherited":true},{"PrincipalSID":"MEGACORP.LOCAL-S-1-5-32-544","PrincipalType":"Group","RightName":"WriteDacl","AceType":"","IsInherited":true},{"PrincipalSID":"MEGACORP.LOCAL-S-1-5-32-544","PrincipalType":"Group","RightName":"WriteOwner","AceType":"","IsInherited":true},{"PrincipalSID":"MEGACORP.LOCAL-S-1-5-32-544","PrincipalType":"Group","RightName":"ExtendedRight","AceType":"All","IsInherited":true},{"PrincipalSID":"MEGACORP.LOCAL-S-1-5-32-544","PrincipalType":"Group","RightName":"GenericWrite","AceType":"","IsInherited":true}]},{"Properties":{"highvalue":false,"name":"JAMES@MEGACORP.LOCAL","domain":"MEGACORP.LOCAL","objectid":"S-1-5-21-3167813660-1240564177-918740779-3106","distinguishedname":"CN=James Houston,OU=London,OU=Employees,DC=MEGACORP,DC=LOCAL","description":null,"dontreqpreauth":false,"passwordnotreqd":false,"unconstraineddelegation":false,"sensitive":false,"enabled":true,"pwdneverexpires":true,"lastlogon":-1,"lastlogontimestamp":-1,"pwdlastset":1578572683,"serviceprincipalnames":[],"hasspn":false,"displayname":"James Houston","email":null,"title":null,"homedirectory":null,"userpassword":null,"admincount":false,"sidhistory":[]},"AllowedToDelegate":[],"SPNTargets":[],"PrimaryGroupSid":"S-1-5-21-3167813660-1240564177-918740779-513","HasSIDHistory":[],"ObjectIdentifier":"S-1-5-21-3167813660-1240564177-918740779-3106","Aces":[{"PrincipalSID":"S-1-5-21-3167813660-1240564177-918740779-512","PrincipalType":"Group","RightName":"Owner","AceType":"","IsInherited":false},{"PrincipalSID":"MEGACORP.LOCAL-S-1-5-32-548","PrincipalType":"Group","RightName":"GenericAll","AceType":"","IsInherited":false},{"PrincipalSID":"S-1-5-21-3167813660-1240564177-918740779-512","PrincipalType":"Group","RightName":"GenericAll","AceType":"","IsInherited":false},{"PrincipalSID":"S-1-5-21-3167813660-1240564177-918740779-519","PrincipalType":"Group","RightName":"GenericAll","AceType":"","IsInherited":true},{"PrincipalSID":"MEGACORP.LOCAL-S-1-5-32-544","PrincipalType":"Group","RightName":"WriteDacl","AceType":"","IsInherited":true},{"PrincipalSID":"MEGACORP.LOCAL-S-1-5-32-544","PrincipalType":"Group","RightName":"WriteOwner","AceType":"","IsInherited":true},{"PrincipalSID":"MEGACORP.LOCAL-S-1-5-32-544","PrincipalType":"Group","RightName":"ExtendedRight","AceType":"All","IsInherited":true},{"PrincipalSID":"MEGACORP.LOCAL-S-1-5-32-544","PrincipalType":"Group","RightName":"GenericWrite","AceType":"","IsInherited":true}]},{"Properties":{"highvalue":false,"name":"CYORK@MEGACORP.LOCAL","domain":"MEGACORP.LOCAL","objectid":"S-1-5-21-3167813660-1240564177-918740779-3107","distinguishedname":"CN=Connor York,OU=New York,OU=Employees,DC=MEGACORP,DC=LOCAL","description":null,"dontreqpreauth":false,"passwordnotreqd":false,"unconstraineddelegation":false,"sensitive":false,"enabled":true,"pwdneverexpires":true,"lastlogon":1622163165,"lastlogontimestamp":1622163165,"pwdlastset":1578599828,"serviceprincipalnames":[],"hasspn":false,"displayname":"Connor York","email":null,"title":null,"homedirectory":null,"userpassword":null,"admincount":false,"sidhistory":[]},"AllowedToDelegate":[],"SPNTargets":[],"PrimaryGroupSid":"S-1-5-21-3167813660-1240564177-918740779-513","HasSIDHistory":[],"ObjectIdentifier":"S-1-5-21-3167813660-1240564177-918740779-3107","Aces":[{"PrincipalSID":"S-1-5-21-3167813660-1240564177-918740779-512","PrincipalType":"Group","RightName":"Owner","AceType":"","IsInherited":false},{"PrincipalSID":"MEGACORP.LOCAL-S-1-5-32-548","PrincipalType":"Group","RightName":"GenericAll","AceType":"","IsInherited":false},{"PrincipalSID":"S-1-5-21-3167813660-1240564177-918740779-512","PrincipalType":"Group","RightName":"GenericAll","AceType":"","IsInherited":false},{"PrincipalSID":"S-1-5-21-3167813660-1240564177-918740779-519","PrincipalType":"Group","RightName":"GenericAll","AceType":"","IsInherited":true},{"PrincipalSID":"MEGACORP.LOCAL-S-1-5-32-544","PrincipalType":"Group","RightName":"WriteDacl","AceType":"","IsInherited":true},{"PrincipalSID":"MEGACORP.LOCAL-S-1-5-32-544","PrincipalType":"Group","RightName":"WriteOwner","AceType":"","IsInherited":true},{"PrincipalSID":"MEGACORP.LOCAL-S-1-5-32-544","PrincipalType":"Group","RightName":"ExtendedRight","AceType":"All","IsInherited":true},{"PrincipalSID":"MEGACORP.LOCAL-S-1-5-32-544","PrincipalType":"Group","RightName":"GenericWrite","AceType":"","IsInherited":true}]},{"Properties":{"highvalue":false,"name":"RMARTIN@MEGACORP.LOCAL","domain":"MEGACORP.LOCAL","objectid":"S-1-5-21-3167813660-1240564177-918740779-3108","distinguishedname":"CN=Reya Martin,OU=Frankfurt,OU=Employees,DC=MEGACORP,DC=LOCAL","description":null,"dontreqpreauth":false,"passwordnotreqd":false,"unconstraineddelegation":false,"sensitive":false,"enabled":true,"pwdneverexpires":true,"lastlogon":-1,"lastlogontimestamp":-1,"pwdlastset":1578572727,"serviceprincipalnames":[],"hasspn":false,"displayname":"Reya Martin","email":null,"title":null,"homedirectory":null,"userpassword":null,"admincount":false,"sidhistory":[]},"AllowedToDelegate":[],"SPNTargets":[],"PrimaryGroupSid":"S-1-5-21-3167813660-1240564177-918740779-513","HasSIDHistory":[],"ObjectIdentifier":"S-1-5-21-3167813660-1240564177-918740779-3108","Aces":[{"PrincipalSID":"S-1-5-21-3167813660-1240564177-918740779-512","PrincipalType":"Group","RightName":"Owner","AceType":"","IsInherited":false},{"PrincipalSID":"MEGACORP.LOCAL-S-1-5-32-548","PrincipalType":"Group","RightName":"GenericAll","AceType":"","IsInherited":false},{"PrincipalSID":"S-1-5-21-3167813660-1240564177-918740779-512","PrincipalType":"Group","RightName":"GenericAll","AceType":"","IsInherited":false},{"PrincipalSID":"S-1-5-21-3167813660-1240564177-918740779-519","PrincipalType":"Group","RightName":"GenericAll","AceType":"","IsInherited":true},{"PrincipalSID":"MEGACORP.LOCAL-S-1-5-32-544","PrincipalType":"Group","RightName":"WriteDacl","AceType":"","IsInherited":true},{"PrincipalSID":"MEGACORP.LOCAL-S-1-5-32-544","PrincipalType":"Group","RightName":"WriteOwner","AceType":"","IsInherited":true},{"PrincipalSID":"MEGACORP.LOCAL-S-1-5-32-544","PrincipalType":"Group","RightName":"ExtendedRight","AceType":"All","IsInherited":true},{"PrincipalSID":"MEGACORP.LOCAL-S-1-5-32-544","PrincipalType":"Group","RightName":"GenericWrite","AceType":"","IsInherited":true}]},{"Properties":{"highvalue":false,"name":"ZAC@MEGACORP.LOCAL","domain":"MEGACORP.LOCAL","objectid":"S-1-5-21-3167813660-1240564177-918740779-3109","distinguishedname":"CN=Zac Curtis,OU=Frankfurt,OU=Employees,DC=MEGACORP,DC=LOCAL","description":null,"dontreqpreauth":false,"passwordnotreqd":false,"unconstraineddelegation":false,"sensitive":false,"enabled":true,"pwdneverexpires":true,"lastlogon":-1,"lastlogontimestamp":-1,"pwdlastset":1578572766,"serviceprincipalnames":[],"hasspn":false,"displayname":"Zac Curtis","email":null,"title":null,"homedirectory":null,"userpassword":null,"admincount":false,"sidhistory":[]},"AllowedToDelegate":[],"SPNTargets":[],"PrimaryGroupSid":"S-1-5-21-3167813660-1240564177-918740779-513","HasSIDHistory":[],"ObjectIdentifier":"S-1-5-21-3167813660-1240564177-918740779-3109","Aces":[{"PrincipalSID":"S-1-5-21-3167813660-1240564177-918740779-512","PrincipalType":"Group","RightName":"Owner","AceType":"","IsInherited":false},{"PrincipalSID":"MEGACORP.LOCAL-S-1-5-32-548","PrincipalType":"Group","RightName":"GenericAll","AceType":"","IsInherited":false},{"PrincipalSID":"S-1-5-21-3167813660-1240564177-918740779-512","PrincipalType":"Group","RightName":"GenericAll","AceType":"","IsInherited":false},{"PrincipalSID":"S-1-5-21-3167813660-1240564177-918740779-519","PrincipalType":"Group","RightName":"GenericAll","AceType":"","IsInherited":true},{"PrincipalSID":"MEGACORP.LOCAL-S-1-5-32-544","PrincipalType":"Group","RightName":"WriteDacl","AceType":"","IsInherited":true},{"PrincipalSID":"MEGACORP.LOCAL-S-1-5-32-544","PrincipalType":"Group","RightName":"WriteOwner","AceType":"","IsInherited":true},{"PrincipalSID":"MEGACORP.LOCAL-S-1-5-32-544","PrincipalType":"Group","RightName":"ExtendedRight","AceType":"All","IsInherited":true},{"PrincipalSID":"MEGACORP.LOCAL-S-1-5-32-544","PrincipalType":"Group","RightName":"GenericWrite","AceType":"","IsInherited":true}]},{"Properties":{"highvalue":false,"name":"JORDEN@MEGACORP.LOCAL","domain":"MEGACORP.LOCAL","objectid":"S-1-5-21-3167813660-1240564177-918740779-3110","distinguishedname":"CN=Jorden Mclean,OU=Athens,OU=Employees,DC=MEGACORP,DC=LOCAL","description":null,"dontreqpreauth":false,"passwordnotreqd":false,"unconstraineddelegation":false,"sensitive":false,"enabled":true,"pwdneverexpires":true,"lastlogon":-1,"lastlogontimestamp":1578618853,"pwdlastset":1578617297,"serviceprincipalnames":[],"hasspn":false,"displayname":"Jorden Mclean","email":null,"title":null,"homedirectory":null,"userpassword":null,"admincount":false,"sidhistory":[]},"AllowedToDelegate":[],"SPNTargets":[],"PrimaryGroupSid":"S-1-5-21-3167813660-1240564177-918740779-513","HasSIDHistory":[],"ObjectIdentifier":"S-1-5-21-3167813660-1240564177-918740779-3110","Aces":[{"PrincipalSID":"S-1-5-21-3167813660-1240564177-918740779-512","PrincipalType":"Group","RightName":"Owner","AceType":"","IsInherited":false},{"PrincipalSID":"MEGACORP.LOCAL-S-1-5-32-544","PrincipalType":"Group","RightName":"WriteDacl","AceType":"","IsInherited":false},{"PrincipalSID":"MEGACORP.LOCAL-S-1-5-32-544","PrincipalType":"Group","RightName":"WriteOwner","AceType":"","IsInherited":false},{"PrincipalSID":"MEGACORP.LOCAL-S-1-5-32-544","PrincipalType":"Group","RightName":"ExtendedRight","AceType":"All","IsInherited":false},{"PrincipalSID":"MEGACORP.LOCAL-S-1-5-32-544","PrincipalType":"Group","RightName":"GenericWrite","AceType":"","IsInherited":false},{"PrincipalSID":"S-1-5-21-3167813660-1240564177-918740779-512","PrincipalType":"Group","RightName":"WriteDacl","AceType":"","IsInherited":false},{"PrincipalSID":"S-1-5-21-3167813660-1240564177-918740779-512","PrincipalType":"Group","RightName":"WriteOwner","AceType":"","IsInherited":false},{"PrincipalSID":"S-1-5-21-3167813660-1240564177-918740779-512","PrincipalType":"Group","RightName":"ExtendedRight","AceType":"All","IsInherited":false},{"PrincipalSID":"S-1-5-21-3167813660-1240564177-918740779-512","PrincipalType":"Group","RightName":"GenericWrite","AceType":"","IsInherited":false},{"PrincipalSID":"S-1-5-21-3167813660-1240564177-918740779-519","PrincipalType":"Group","RightName":"WriteDacl","AceType":"","IsInherited":false},{"PrincipalSID":"S-1-5-21-3167813660-1240564177-918740779-519","PrincipalType":"Group","RightName":"WriteOwner","AceType":"","IsInherited":false},{"PrincipalSID":"S-1-5-21-3167813660-1240564177-918740779-519","PrincipalType":"Group","RightName":"ExtendedRight","AceType":"All","IsInherited":false},{"PrincipalSID":"S-1-5-21-3167813660-1240564177-918740779-519","PrincipalType":"Group","RightName":"GenericWrite","AceType":"","IsInherited":false},{"PrincipalSID":"S-1-5-21-3167813660-1240564177-918740779-3102","PrincipalType":"User","RightName":"GenericWrite","AceType":"","IsInherited":false}]},{"Properties":{"highvalue":false,"name":"ALYX@MEGACORP.LOCAL","domain":"MEGACORP.LOCAL","objectid":"S-1-5-21-3167813660-1240564177-918740779-3111","distinguishedname":"CN=Alyx Walter,OU=Athens,OU=Employees,DC=MEGACORP,DC=LOCAL","description":null,"dontreqpreauth":false,"passwordnotreqd":false,"unconstraineddelegation":false,"sensitive":false,"enabled":true,"pwdneverexpires":true,"lastlogon":-1,"lastlogontimestamp":-1,"pwdlastset":1578572826,"serviceprincipalnames":[],"hasspn":false,"displayname":"Alyx Walter","email":null,"title":null,"homedirectory":null,"userpassword":null,"admincount":false,"sidhistory":[]},"AllowedToDelegate":[],"SPNTargets":[],"PrimaryGroupSid":"S-1-5-21-3167813660-1240564177-918740779-513","HasSIDHistory":[],"ObjectIdentifier":"S-1-5-21-3167813660-1240564177-918740779-3111","Aces":[{"PrincipalSID":"S-1-5-21-3167813660-1240564177-918740779-512","PrincipalType":"Group","RightName":"Owner","AceType":"","IsInherited":false},{"PrincipalSID":"MEGACORP.LOCAL-S-1-5-32-548","PrincipalType":"Group","RightName":"GenericAll","AceType":"","IsInherited":false},{"PrincipalSID":"S-1-5-21-3167813660-1240564177-918740779-512","PrincipalType":"Group","RightName":"GenericAll","AceType":"","IsInherited":false},{"PrincipalSID":"S-1-5-21-3167813660-1240564177-918740779-519","PrincipalType":"Group","RightName":"GenericAll","AceType":"","IsInherited":true},{"PrincipalSID":"MEGACORP.LOCAL-S-1-5-32-544","PrincipalType":"Group","RightName":"WriteDacl","AceType":"","IsInherited":true},{"PrincipalSID":"MEGACORP.LOCAL-S-1-5-32-544","PrincipalType":"Group","RightName":"WriteOwner","AceType":"","IsInherited":true},{"PrincipalSID":"MEGACORP.LOCAL-S-1-5-32-544","PrincipalType":"Group","RightName":"ExtendedRight","AceType":"All","IsInherited":true},{"PrincipalSID":"MEGACORP.LOCAL-S-1-5-32-544","PrincipalType":"Group","RightName":"GenericWrite","AceType":"","IsInherited":true}]},{"Properties":{"highvalue":false,"name":"NBOURNE@MEGACORP.LOCAL","domain":"MEGACORP.LOCAL","objectid":"S-1-5-21-3167813660-1240564177-918740779-3113","distinguishedname":"CN=Nikola Bourne,OU=London,OU=Employees,DC=MEGACORP,DC=LOCAL","description":null,"dontreqpreauth":false,"passwordnotreqd":false,"unconstraineddelegation":false,"sensitive":false,"enabled":true,"pwdneverexpires":true,"lastlogon":-1,"lastlogontimestamp":-1,"pwdlastset":1578572865,"serviceprincipalnames":[],"hasspn":false,"displayname":"Nikola Bourne","email":null,"title":null,"homedirectory":null,"userpassword":null,"admincount":false,"sidhistory":[]},"AllowedToDelegate":[],"SPNTargets":[],"PrimaryGroupSid":"S-1-5-21-3167813660-1240564177-918740779-513","HasSIDHistory":[],"ObjectIdentifier":"S-1-5-21-3167813660-1240564177-918740779-3113","Aces":[{"PrincipalSID":"S-1-5-21-3167813660-1240564177-918740779-512","PrincipalType":"Group","RightName":"Owner","AceType":"","IsInherited":false},{"PrincipalSID":"MEGACORP.LOCAL-S-1-5-32-548","PrincipalType":"Group","RightName":"GenericAll","AceType":"","IsInherited":false},{"PrincipalSID":"S-1-5-21-3167813660-1240564177-918740779-512","PrincipalType":"Group","RightName":"GenericAll","AceType":"","IsInherited":false},{"PrincipalSID":"S-1-5-21-3167813660-1240564177-918740779-519","PrincipalType":"Group","RightName":"GenericAll","AceType":"","IsInherited":true},{"PrincipalSID":"MEGACORP.LOCAL-S-1-5-32-544","PrincipalType":"Group","RightName":"WriteDacl","AceType":"","IsInherited":true},{"PrincipalSID":"MEGACORP.LOCAL-S-1-5-32-544","PrincipalType":"Group","RightName":"WriteOwner","AceType":"","IsInherited":true},{"PrincipalSID":"MEGACORP.LOCAL-S-1-5-32-544","PrincipalType":"Group","RightName":"ExtendedRight","AceType":"All","IsInherited":true},{"PrincipalSID":"MEGACORP.LOCAL-S-1-5-32-544","PrincipalType":"Group","RightName":"GenericWrite","AceType":"","IsInherited":true}]},{"Properties":{"highvalue":false,"name":"SBAUER@MEGACORP.LOCAL","domain":"MEGACORP.LOCAL","objectid":"S-1-5-21-3167813660-1240564177-918740779-3102","distinguishedname":"CN=Sarina Bauer,OU=New York,OU=Employees,DC=MEGACORP,DC=LOCAL","description":null,"dontreqpreauth":false,"passwordnotreqd":false,"unconstraineddelegation":false,"sensitive":false,"enabled":true,"pwdneverexpires":true,"lastlogon":-1,"lastlogontimestamp":1578618756,"pwdlastset":1578617791,"serviceprincipalnames":[],"hasspn":false,"displayname":"Sarina Bauer","email":null,"title":null,"homedirectory":null,"userpassword":null,"admincount":false,"sidhistory":[]},"AllowedToDelegate":[],"SPNTargets":[],"PrimaryGroupSid":"S-1-5-21-3167813660-1240564177-918740779-513","HasSIDHistory":[],"ObjectIdentifier":"S-1-5-21-3167813660-1240564177-918740779-3102","Aces":[{"PrincipalSID":"S-1-5-21-3167813660-1240564177-918740779-512","PrincipalType":"Group","RightName":"Owner","AceType":"","IsInherited":false},{"PrincipalSID":"MEGACORP.LOCAL-S-1-5-32-548","PrincipalType":"Group","RightName":"GenericAll","AceType":"","IsInherited":false},{"PrincipalSID":"S-1-5-21-3167813660-1240564177-918740779-512","PrincipalType":"Group","RightName":"GenericAll","AceType":"","IsInherited":false},{"PrincipalSID":"S-1-5-21-3167813660-1240564177-918740779-519","PrincipalType":"Group","RightName":"GenericAll","AceType":"","IsInherited":true},{"PrincipalSID":"MEGACORP.LOCAL-S-1-5-32-544","PrincipalType":"Group","RightName":"WriteDacl","AceType":"","IsInherited":true},{"PrincipalSID":"MEGACORP.LOCAL-S-1-5-32-544","PrincipalType":"Group","RightName":"WriteOwner","AceType":"","IsInherited":true},{"PrincipalSID":"MEGACORP.LOCAL-S-1-5-32-544","PrincipalType":"Group","RightName":"ExtendedRight","AceType":"All","IsInherited":true},{"PrincipalSID":"MEGACORP.LOCAL-S-1-5-32-544","PrincipalType":"Group","RightName":"GenericWrite","AceType":"","IsInherited":true}]},{"Properties":{"highvalue":false,"name":"ZPOWERS@MEGACORP.LOCAL","domain":"MEGACORP.LOCAL","objectid":"S-1-5-21-3167813660-1240564177-918740779-3114","distinguishedname":"CN=Zachery Powers,OU=New York,OU=Employees,DC=MEGACORP,DC=LOCAL","description":null,"dontreqpreauth":false,"passwordnotreqd":false,"unconstraineddelegation":false,"sensitive":false,"enabled":true,"pwdneverexpires":true,"lastlogon":-1,"lastlogontimestamp":-1,"pwdlastset":1578572908,"serviceprincipalnames":[],"hasspn":false,"displayname":"Zachery Powers","email":null,"title":null,"homedirectory":null,"userpassword":null,"admincount":false,"sidhistory":[]},"AllowedToDelegate":[],"SPNTargets":[],"PrimaryGroupSid":"S-1-5-21-3167813660-1240564177-918740779-513","HasSIDHistory":[],"ObjectIdentifier":"S-1-5-21-3167813660-1240564177-918740779-3114","Aces":[{"PrincipalSID":"S-1-5-21-3167813660-1240564177-918740779-512","PrincipalType":"Group","RightName":"Owner","AceType":"","IsInherited":false},{"PrincipalSID":"MEGACORP.LOCAL-S-1-5-32-548","PrincipalType":"Group","RightName":"GenericAll","AceType":"","IsInherited":false},{"PrincipalSID":"S-1-5-21-3167813660-1240564177-918740779-512","PrincipalType":"Group","RightName":"GenericAll","AceType":"","IsInherited":false},{"PrincipalSID":"S-1-5-21-3167813660-1240564177-918740779-519","PrincipalType":"Group","RightName":"GenericAll","AceType":"","IsInherited":true},{"PrincipalSID":"MEGACORP.LOCAL-S-1-5-32-544","PrincipalType":"Group","RightName":"WriteDacl","AceType":"","IsInherited":true},{"PrincipalSID":"MEGACORP.LOCAL-S-1-5-32-544","PrincipalType":"Group","RightName":"WriteOwner","AceType":"","IsInherited":true},{"PrincipalSID":"MEGACORP.LOCAL-S-1-5-32-544","PrincipalType":"Group","RightName":"ExtendedRight","AceType":"All","IsInherited":true},{"PrincipalSID":"MEGACORP.LOCAL-S-1-5-32-544","PrincipalType":"Group","RightName":"GenericWrite","AceType":"","IsInherited":true}]},{"Properties":{"highvalue":false,"name":"ALDOM@MEGACORP.LOCAL","domain":"MEGACORP.LOCAL","objectid":"S-1-5-21-3167813660-1240564177-918740779-3115","distinguishedname":"CN=Alessandro Dominguez,OU=London,OU=Employees,DC=MEGACORP,DC=LOCAL","description":null,"dontreqpreauth":false,"passwordnotreqd":false,"unconstraineddelegation":false,"sensitive":false,"enabled":true,"pwdneverexpires":true,"lastlogon":-1,"lastlogontimestamp":-1,"pwdlastset":1578572933,"serviceprincipalnames":[],"hasspn":false,"displayname":"Alessandro Dominguez","email":null,"title":null,"homedirectory":null,"userpassword":null,"admincount":false,"sidhistory":[]},"AllowedToDelegate":[],"SPNTargets":[],"PrimaryGroupSid":"S-1-5-21-3167813660-1240564177-918740779-513","HasSIDHistory":[],"ObjectIdentifier":"S-1-5-21-3167813660-1240564177-918740779-3115","Aces":[{"PrincipalSID":"S-1-5-21-3167813660-1240564177-918740779-512","PrincipalType":"Group","RightName":"Owner","AceType":"","IsInherited":false},{"PrincipalSID":"MEGACORP.LOCAL-S-1-5-32-548","PrincipalType":"Group","RightName":"GenericAll","AceType":"","IsInherited":false},{"PrincipalSID":"S-1-5-21-3167813660-1240564177-918740779-512","PrincipalType":"Group","RightName":"GenericAll","AceType":"","IsInherited":false},{"PrincipalSID":"S-1-5-21-3167813660-1240564177-918740779-519","PrincipalType":"Group","RightName":"GenericAll","AceType":"","IsInherited":true},{"PrincipalSID":"MEGACORP.LOCAL-S-1-5-32-544","PrincipalType":"Group","RightName":"WriteDacl","AceType":"","IsInherited":true},{"PrincipalSID":"MEGACORP.LOCAL-S-1-5-32-544","PrincipalType":"Group","RightName":"WriteOwner","AceType":"","IsInherited":true},{"PrincipalSID":"MEGACORP.LOCAL-S-1-5-32-544","PrincipalType":"Group","RightName":"ExtendedRight","AceType":"All","IsInherited":true},{"PrincipalSID":"MEGACORP.LOCAL-S-1-5-32-544","PrincipalType":"Group","RightName":"GenericWrite","AceType":"","IsInherited":true}]},{"Properties":{"highvalue":false,"name":"JSMMONS@MEGACORP.LOCAL","domain":"MEGACORP.LOCAL","objectid":"S-1-5-21-3167813660-1240564177-918740779-3116","distinguishedname":"CN=John Simmons,OU=London,OU=Employees,DC=MEGACORP,DC=LOCAL","description":null,"dontreqpreauth":false,"passwordnotreqd":false,"unconstraineddelegation":false,"sensitive":false,"enabled":true,"pwdneverexpires":true,"lastlogon":-1,"lastlogontimestamp":-1,"pwdlastset":1578572954,"serviceprincipalnames":[],"hasspn":false,"displayname":"John Simmons","email":null,"title":null,"homedirectory":null,"userpassword":null,"admincount":false,"sidhistory":[]},"AllowedToDelegate":[],"SPNTargets":[],"PrimaryGroupSid":"S-1-5-21-3167813660-1240564177-918740779-513","HasSIDHistory":[],"ObjectIdentifier":"S-1-5-21-3167813660-1240564177-918740779-3116","Aces":[{"PrincipalSID":"S-1-5-21-3167813660-1240564177-918740779-512","PrincipalType":"Group","RightName":"Owner","AceType":"","IsInherited":false},{"PrincipalSID":"MEGACORP.LOCAL-S-1-5-32-548","PrincipalType":"Group","RightName":"GenericAll","AceType":"","IsInherited":false},{"PrincipalSID":"S-1-5-21-3167813660-1240564177-918740779-512","PrincipalType":"Group","RightName":"GenericAll","AceType":"","IsInherited":false},{"PrincipalSID":"S-1-5-21-3167813660-1240564177-918740779-519","PrincipalType":"Group","RightName":"GenericAll","AceType":"","IsInherited":true},{"PrincipalSID":"MEGACORP.LOCAL-S-1-5-32-544","PrincipalType":"Group","RightName":"WriteDacl","AceType":"","IsInherited":true},{"PrincipalSID":"MEGACORP.LOCAL-S-1-5-32-544","PrincipalType":"Group","RightName":"WriteOwner","AceType":"","IsInherited":true},{"PrincipalSID":"MEGACORP.LOCAL-S-1-5-32-544","PrincipalType":"Group","RightName":"ExtendedRight","AceType":"All","IsInherited":true},{"PrincipalSID":"MEGACORP.LOCAL-S-1-5-32-544","PrincipalType":"Group","RightName":"GenericWrite","AceType":"","IsInherited":true}]},{"Properties":{"highvalue":false,"name":"PMARTIN@MEGACORP.LOCAL","domain":"MEGACORP.LOCAL","objectid":"S-1-5-21-3167813660-1240564177-918740779-3117","distinguishedname":"CN=Penelope Martin,OU=Frankfurt,OU=Employees,DC=MEGACORP,DC=LOCAL","description":null,"dontreqpreauth":false,"passwordnotreqd":false,"unconstraineddelegation":false,"sensitive":false,"enabled":true,"pwdneverexpires":true,"lastlogon":-1,"lastlogontimestamp":-1,"pwdlastset":1578572979,"serviceprincipalnames":[],"hasspn":false,"displayname":"Penelope Martin","email":null,"title":null,"homedirectory":null,"userpassword":null,"admincount":false,"sidhistory":[]},"AllowedToDelegate":[],"SPNTargets":[],"PrimaryGroupSid":"S-1-5-21-3167813660-1240564177-918740779-513","HasSIDHistory":[],"ObjectIdentifier":"S-1-5-21-3167813660-1240564177-918740779-3117","Aces":[{"PrincipalSID":"S-1-5-21-3167813660-1240564177-918740779-512","PrincipalType":"Group","RightName":"Owner","AceType":"","IsInherited":false},{"PrincipalSID":"MEGACORP.LOCAL-S-1-5-32-548","PrincipalType":"Group","RightName":"GenericAll","AceType":"","IsInherited":false},{"PrincipalSID":"S-1-5-21-3167813660-1240564177-918740779-512","PrincipalType":"Group","RightName":"GenericAll","AceType":"","IsInherited":false},{"PrincipalSID":"S-1-5-21-3167813660-1240564177-918740779-519","PrincipalType":"Group","RightName":"GenericAll","AceType":"","IsInherited":true},{"PrincipalSID":"MEGACORP.LOCAL-S-1-5-32-544","PrincipalType":"Group","RightName":"WriteDacl","AceType":"","IsInherited":true},{"PrincipalSID":"MEGACORP.LOCAL-S-1-5-32-544","PrincipalType":"Group","RightName":"WriteOwner","AceType":"","IsInherited":true},{"PrincipalSID":"MEGACORP.LOCAL-S-1-5-32-544","PrincipalType":"Group","RightName":"ExtendedRight","AceType":"All","IsInherited":true},{"PrincipalSID":"MEGACORP.LOCAL-S-1-5-32-544","PrincipalType":"Group","RightName":"GenericWrite","AceType":"","IsInherited":true}]},{"Properties":{"highvalue":false,"name":"GUEST@MEGACORP.LOCAL","domain":"MEGACORP.LOCAL","objectid":"S-1-5-21-3167813660-1240564177-918740779-501","distinguishedname":"CN=Guest,CN=Users,DC=MEGACORP,DC=LOCAL","description":"Built-in account for guest access to the computer/domain","dontreqpreauth":false,"passwordnotreqd":true,"unconstraineddelegation":false,"sensitive":false,"enabled":false,"pwdneverexpires":true,"lastlogon":-1,"lastlogontimestamp":-1,"pwdlastset":-1,"serviceprincipalnames":[],"hasspn":false,"displayname":null,"email":null,"title":null,"homedirectory":null,"userpassword":null,"admincount":false,"sidhistory":[]},"AllowedToDelegate":[],"SPNTargets":[],"PrimaryGroupSid":"S-1-5-21-3167813660-1240564177-918740779-514","HasSIDHistory":[],"ObjectIdentifier":"S-1-5-21-3167813660-1240564177-918740779-501","Aces":[{"PrincipalSID":"MEGACORP.LOCAL-S-1-5-32-544","PrincipalType":"Group","RightName":"Owner","AceType":"","IsInherited":false},{"PrincipalSID":"MEGACORP.LOCAL-S-1-5-32-548","PrincipalType":"Group","RightName":"GenericAll","AceType":"","IsInherited":false},{"PrincipalSID":"S-1-5-21-3167813660-1240564177-918740779-512","PrincipalType":"Group","RightName":"GenericAll","AceType":"","IsInherited":false},{"PrincipalSID":"S-1-5-21-3167813660-1240564177-918740779-519","PrincipalType":"Group","RightName":"GenericAll","AceType":"","IsInherited":true},{"PrincipalSID":"MEGACORP.LOCAL-S-1-5-32-544","PrincipalType":"Group","RightName":"WriteDacl","AceType":"","IsInherited":true},{"PrincipalSID":"MEGACORP.LOCAL-S-1-5-32-544","PrincipalType":"Group","RightName":"WriteOwner","AceType":"","IsInherited":true},{"PrincipalSID":"MEGACORP.LOCAL-S-1-5-32-544","PrincipalType":"Group","RightName":"ExtendedRight","AceType":"All","IsInherited":true},{"PrincipalSID":"MEGACORP.LOCAL-S-1-5-32-544","PrincipalType":"Group","RightName":"GenericWrite","AceType":"","IsInherited":true}]},{"Properties":{"highvalue":false,"name":"ILEE@MEGACORP.LOCAL","domain":"MEGACORP.LOCAL","objectid":"S-1-5-21-3167813660-1240564177-918740779-3112","distinguishedname":"CN=Ian Lee,OU=Tokyo,OU=Employees,DC=MEGACORP,DC=LOCAL","description":null,"dontreqpreauth":false,"passwordnotreqd":false,"unconstraineddelegation":false,"sensitive":false,"enabled":true,"pwdneverexpires":true,"lastlogon":-1,"lastlogontimestamp":-1,"pwdlastset":1578572844,"serviceprincipalnames":[],"hasspn":false,"displayname":"Ian Lee","email":null,"title":null,"homedirectory":null,"userpassword":null,"admincount":false,"sidhistory":[]},"AllowedToDelegate":[],"SPNTargets":[],"PrimaryGroupSid":"S-1-5-21-3167813660-1240564177-918740779-513","HasSIDHistory":[],"ObjectIdentifier":"S-1-5-21-3167813660-1240564177-918740779-3112","Aces":[{"PrincipalSID":"S-1-5-21-3167813660-1240564177-918740779-512","PrincipalType":"Group","RightName":"Owner","AceType":"","IsInherited":false},{"PrincipalSID":"MEGACORP.LOCAL-S-1-5-32-548","PrincipalType":"Group","RightName":"GenericAll","AceType":"","IsInherited":false},{"PrincipalSID":"S-1-5-21-3167813660-1240564177-918740779-512","PrincipalType":"Group","RightName":"GenericAll","AceType":"","IsInherited":false},{"PrincipalSID":"S-1-5-21-3167813660-1240564177-918740779-519","PrincipalType":"Group","RightName":"GenericAll","AceType":"","IsInherited":true},{"PrincipalSID":"MEGACORP.LOCAL-S-1-5-32-544","PrincipalType":"Group","RightName":"WriteDacl","AceType":"","IsInherited":true},{"PrincipalSID":"MEGACORP.LOCAL-S-1-5-32-544","PrincipalType":"Group","RightName":"WriteOwner","AceType":"","IsInherited":true},{"PrincipalSID":"MEGACORP.LOCAL-S-1-5-32-544","PrincipalType":"Group","RightName":"ExtendedRight","AceType":"All","IsInherited":true},{"PrincipalSID":"MEGACORP.LOCAL-S-1-5-32-544","PrincipalType":"Group","RightName":"GenericWrite","AceType":"","IsInherited":true}]}],"meta":{"count":27,"type":"users","version":3}}