﻿{"computers":[{"Properties":{"haslaps":false,"highvalue":false,"name":"MULTIMASTER.MEGACORP.LOCAL","domain":"MEGACORP.LOCAL","objectid":"S-1-5-21-3167813660-1240564177-918740779-1000","distinguishedname":"CN=MULTIMASTER,OU=Domain Controllers,DC=MEGACORP,DC=LOCAL","description":null,"enabled":true,"unconstraineddelegation":true,"serviceprincipalnames":["Dfsr-12F9A27C-BF97-4787-9364-D31B6C55EB04/MULTIMASTER.MEGACORP.LOCAL","TERMSRV/MULTIMASTER","TERMSRV/MULTIMASTER.MEGACORP.LOCAL","ldap/MULTIMASTER.MEGACORP.LOCAL/ForestDnsZones.MEGACORP.LOCAL","ldap/MULTIMASTER.MEGACORP.LOCAL/DomainDnsZones.MEGACORP.LOCAL","DNS/MULTIMASTER.MEGACORP.LOCAL","GC/MULTIMASTER.MEGACORP.LOCAL/MEGACORP.LOCAL","RestrictedKrbHost/MULTIMASTER.MEGACORP.LOCAL","HOST/MULTIMASTER.MEGACORP.LOCAL/MEGACORP","HOST/MULTIMASTER.MEGACORP.LOCAL","HOST/MULTIMASTER.MEGACORP.LOCAL/MEGACORP.LOCAL","ldap/MULTIMASTER.MEGACORP.LOCAL/MEGACORP","ldap/MULTIMASTER.MEGACORP.LOCAL","ldap/MULTIMASTER.MEGACORP.LOCAL/MEGACORP.LOCAL","ldap/CATCH/ForestDnsZones.MEGACORP.LOCAL","HOST/CATCH/MEGACORP.LOCAL","ldap/CATCH/DomainDnsZones.MEGACORP.LOCAL","GC/CATCH/MEGACORP.LOCAL","ldap/CATCH/MEGACORP.LOCAL","HOST/CATCH/MEGACORP","ldap/CATCH/MEGACORP","RestrictedKrbHost/CATCH","HOST/CATCH","ldap/CATCH","ldap/FSMO/MEGACORP","HOST/FSMO/MEGACORP.LOCAL","ldap/FSMO/ForestDnsZones.MEGACORP.LOCAL","HOST/FSMO/MEGACORP","ldap/MULTIMASTER/ForestDnsZones.MEGACORP.LOCAL","ldap/FSMO/DomainDnsZones.MEGACORP.LOCAL","HOST/MULTIMASTER/MEGACORP.LOCAL","ldap/MULTIMASTER/DomainDnsZones.MEGACORP.LOCAL","GC/MULTIMASTER/MEGACORP.LOCAL","ldap/FSMO/MEGACORP.LOCAL","GC/FSMO/MEGACORP.LOCAL","ldap/MULTIMASTER/MEGACORP.LOCAL","RestrictedKrbHost/FSMO","HOST/FSMO","ldap/FSMO","HOST/MULTIMASTER/MEGACORP","ldap/MULTIMASTER/MEGACORP","RestrictedKrbHost/MULTIMASTER","HOST/MULTIMASTER","ldap/MULTIMASTER","RPC/cc4f3c4e-7c1c-40be-9aa9-3bd9a7837869._msdcs.MEGACORP.LOCAL","E3514235-4B06-11D1-AB04-00C04FC2DCD2/cc4f3c4e-7c1c-40be-9aa9-3bd9a7837869/MEGACORP.LOCAL","ldap/cc4f3c4e-7c1c-40be-9aa9-3bd9a7837869._msdcs.MEGACORP.LOCAL"],"lastlogontimestamp":1622163145,"pwdlastset":1622163133,"operatingsystem":"Windows Server 2016 Standard"},"AllowedToDelegate":[],"AllowedToAct":[],"PrimaryGroupSid":"S-1-5-21-3167813660-1240564177-918740779-516","Sessions":[],"LocalAdmins":[{"MemberId":"S-1-5-21-3167813660-1240564177-918740779-500","MemberType":"User"},{"MemberId":"S-1-5-21-3167813660-1240564177-918740779-519","MemberType":"Group"},{"MemberId":"S-1-5-21-3167813660-1240564177-918740779-512","MemberType":"Group"}],"RemoteDesktopUsers":[],"DcomUsers":[],"PSRemoteUsers":[{"MemberId":"S-1-5-21-3167813660-1240564177-918740779-1110","MemberType":"User"},{"MemberId":"S-1-5-21-3167813660-1240564177-918740779-3102","MemberType":"User"},{"MemberId":"S-1-5-21-3167813660-1240564177-918740779-3110","MemberType":"User"}],"ObjectIdentifier":"S-1-5-21-3167813660-1240564177-918740779-1000","Aces":[{"PrincipalSID":"S-1-5-21-3167813660-1240564177-918740779-512","PrincipalType":"Group","RightName":"Owner","AceType":"","IsInherited":false},{"PrincipalSID":"S-1-5-21-3167813660-1240564177-918740779-512","PrincipalType":"Group","RightName":"GenericAll","AceType":"","IsInherited":false},{"PrincipalSID":"S-1-5-21-3167813660-1240564177-918740779-519","PrincipalType":"Group","RightName":"GenericAll","AceType":"","IsInherited":true},{"PrincipalSID":"MEGACORP.LOCAL-S-1-5-32-544","PrincipalType":"Group","RightName":"WriteDacl","AceType":"","IsInherited":true},{"PrincipalSID":"MEGACORP.LOCAL-S-1-5-32-544","PrincipalType":"Group","RightName":"WriteOwner","AceType":"","IsInherited":true},{"PrincipalSID":"MEGACORP.LOCAL-S-1-5-32-544","PrincipalType":"Group","RightName":"GenericWrite","AceType":"","IsInherited":true}]}],"meta":{"count":1,"type":"computers","version":3}}